aweme_id,category,keyword,desc,author,author_unique_id,likes,comments,shares,plays,collects,duration_s,create_time,has_product_anchor,video_url,local_file
7432148220920270111,Fitness,viral water bottle,He’s so dramatic. #Halloween #Foryou #fyp ,brooke,brookespicher,13918015,53577,2044077,103033245,1434010,154,2024-11-01,False,https://www.tiktok.com/@brookespicher/video/7432148220920270111,videos/Fitness/13918015likes_53577cmt_7432148220920270111.mp4
7490632167022660894,Home,viral bedding tiktok,my cozy restroom 🤍,velush.aesthetic,velush.aesthetic,10275611,368546,2947835,172566618,810128,62,2025-04-07,False,https://www.tiktok.com/@velush.aesthetic/video/7490632167022660894,videos/Home/10275611likes_368546cmt_7490632167022660894.mp4
7118086870155971886,Office,viral desk accessories tiktok shop,time for another office refresh🕊🌿🖥 #fyp #foryoupage #aesthetic #thatgirl #satisfying #asmr #asmrsounds #office #CleanTok #cleaning #organize #desksetup #Home #decor #amazonfinds,kaeli mae,kaelimaee,6629894,19996,56146,52174635,522365,75,2022-07-08,False,https://www.tiktok.com/@kaelimaee/video/7118086870155971886,videos/Office/6629894likes_19996cmt_7118086870155971886.mp4
7574552571298270472,Beauty,viral lip products,#viral @SHEGLITTARY my lip kit only sheglittary,liiiilmooon💎,liiiilmooon,6519076,6904,80235,47806693,365266,7,2025-11-19,False,https://www.tiktok.com/@liiiilmooon/video/7574552571298270472,videos/Beauty/6519076likes_6904cmt_7574552571298270472.mp4
6982377509648092421,Home,viral lamp tiktok,unboxing my new levitating light bulb lamp 💡 link in bio #amazonmusthaves #amazonfinds #tiktokmademebuyit #tiktokmademebuythis,Heart Defensor,heartdefensor,5648442,23570,78700,28431142,442366,11,2021-07-08,False,https://www.tiktok.com/@heartdefensor/video/6982377509648092421,videos/Home/5648442likes_23570cmt_6982377509648092421.mp4
7633491961231543574,Outdoor,viral garden products,"5 hour garden clean in 90 seconds👨🏽‍🌾  ⚠️Flash Warning⚠️ what a day for it!! I had so much fun doing this garden 🙏  although my knees and back need a rest😂  as always, would absolutely love to hear your thoughts on what you would do next?  this garden gets a lot of sun, so hit me with your best plants for borders!!  thanks so much for watching as always, Love, Tom Butler  #satisfying #gardening #pressurewashing #timelapes ",Tom Butler,thegardenbutler,4985110,18160,115681,45169669,112119,95,2026-04-27,False,https://www.tiktok.com/@thegardenbutler/video/7633491961231543574,videos/Outdoor/4985110likes_18160cmt_7633491961231543574.mp4
7576087417837473055,Home,viral bedding tiktok,THE BEST SLEEP #roomreset #roomcleaning #aesthetic #sundayreset #CleanTok #relatable #viral #funny #cleaningtiktok #girlhood #fyp #foryoupage ,alimaynard,alimaynard,4320798,4849,178122,21101254,229407,6,2025-11-24,False,https://www.tiktok.com/@alimaynard/video/7576087417837473055,videos/Home/4320798likes_4849cmt_7576087417837473055.mp4
7625299709166390549,Beauty,viral makeup must have,"#grwm with all makeup hacks❤️ . Products: • @SHEGLAM Complexion Boost Concealer “Chantilly” • Liquid Contour DUO “Maple Syrup” • Crystal Jelly Glaze Stick “Starlit Silver” • Locked In Curl Mascara • Glowchi Bouncy Highlighter “Cherry Blossom” • Fall In Line Peel Off Lip Liner “Pinky Promise” • Glass Lock Air Gloss “Sweet Drizzle” • @Huda Beauty Easy Bake “Ube Birthday Cake” & “Banana Bread” • Easy Bake Setting Spray • @loréal paris usa Magic Retouch Spray “Brown” (freckles) • @Benefit Cosmetics Precisely, My Brow Wax “2.75”",Kate Longoria,kat_longoria,4053221,63120,189139,98025587,257481,195,2026-04-05,False,https://www.tiktok.com/@kat_longoria/video/7625299709166390549,videos/Beauty/4053221likes_63120cmt_7625299709166390549.mp4
6856933989198875909,Home,viral shower head,TikTok made me get it PT 1! @zenbodys #sponsored #showermusthaves #showerhead #showerproducts #bathroom #shower #lifehacks #beautytips #zenbodys,Brianna Ancheta,briannaancheta,3985149,15888,114232,20025523,331549,31,2020-08-04,False,https://www.tiktok.com/@briannaancheta/video/6856933989198875909,videos/Home/3985149likes_15888cmt_6856933989198875909.mp4
7621160046843464991,Baby,viral baby products tiktok shop,Green Onion Plush Pillow For Babies: The Softest Hug For Your Baby 🫂 #ASMR #BabySleepHack #NewMomMustHave #TikTokMadeMeBuyIt #BabyComfort ,JOOKI Zootopia-US,tstbaodan,3883575,12861,474302,83548113,215876,14,2026-03-25,False,https://www.tiktok.com/@tstbaodan/video/7621160046843464991,videos/Baby/3883575likes_12861cmt_7621160046843464991.mp4
7605861955433286942,Home,viral bedding tiktok,I never leave my room tbh #floatingbed #fyp #room ,Emme,emmeslittlespam,3859896,13574,242880,20838472,269280,12,2026-02-12,True,https://www.tiktok.com/@emmeslittlespam/video/7605861955433286942,videos/Home/3859896likes_13574cmt_7605861955433286942.mp4
7645480870555487519,Pets,dog products viral,"Do you think Glacier enjoyed it? He takes his full time job of marinating in mud very seriously and somehow still expects immediate cuddles on the bed after. Thankfully, @earthrated came through (like always). Their de-shedding shampoo is perfect for double coats, smells incredible, and leaves him ridiculously soft. Seriously, the amount of fur that came off him probably qualifies as a second husky but at least he's set for summer. Product tagged to shop! #earthratedpartner #dogbath",Goodlin Siblings,thegoodhype,3781974,18199,468004,33644494,194398,98,2026-05-30,False,https://www.tiktok.com/@thegoodhype/video/7645480870555487519,videos/Pets/3781974likes_18199cmt_7645480870555487519.mp4
7571121863569444118,Electronics,viral projector tiktok,The perfect christmas gift #projector #fakewindow #viral #christmasgiftideas,LINK IN BIO,beamllyhome,3737946,7973,508446,48213011,510576,11,2025-11-10,False,https://www.tiktok.com/@beamllyhome/video/7571121863569444118,videos/Electronics/3737946likes_7973cmt_7571121863569444118.mp4
7626744610961870102,Factory,production line satisfying,Amazing factory 🏭 work #relaxing #satisfying #factory #asmr #usa🇺🇸 ,Daily Tips&Tricks,daily.tipstricks7,3326685,4611,71503,142988678,118356,61,2026-04-09,False,https://www.tiktok.com/@daily.tipstricks7/video/7626744610961870102,videos/Factory/3326685likes_4611cmt_7626744610961870102.mp4
7606473898510585106,Food,tiktok shop snacks viral,Sour Candies ASMR 😛 @Sourbitesmtl🍭  #tanghulu #crunchy #asmr #mukbang #mukbangeatingshow dessert Swedish candy Dubai chocolate ,BaklaEats,baklaeats,3292923,33969,398382,52750122,393038,101,2026-02-13,False,https://www.tiktok.com/@baklaeats/video/7606473898510585106,videos/Food/3292923likes_33969cmt_7606473898510585106.mp4
7601312663150267661,Kitchen,tiktok shop kitchen finds,Which is your favorite?! 🤩 #foryoupage #amazonmusthaves #amazonfavorites #amazon #kitchenmusthaves ,neela,neelafinds,3134031,4163,297980,52391710,506197,33,2026-01-31,False,https://www.tiktok.com/@neelafinds/video/7601312663150267661,videos/Kitchen/3134031likes_4163cmt_7601312663150267661.mp4
7542713656820108558,Electronics,viral projector tiktok,Replying to @bgc LOVE casting windows on my wall 🙌🏾🙌🏾 #trending #projectorforbedroom #roomfinds #movienight #windowprojector ,DoraPalm 💖,tntdealss,3065879,8716,177089,74723159,407909,42,2025-08-26,True,https://www.tiktok.com/@tntdealss/video/7542713656820108558,videos/Electronics/3065879likes_8716cmt_7542713656820108558.mp4
7528928933077617933,Office,viral desk accessories tiktok shop,Top 7 most 3D printed. Let me know which one you want to print! . Files at LinkIn myBio.,ForgeCore,forgecore,3026292,4612,137766,34536474,319654,60,2025-07-19,False,https://www.tiktok.com/@forgecore/video/7528928933077617933,videos/Office/3026292likes_4612cmt_7528928933077617933.mp4
7219327568930065710,Kitchen,kitchen must haves amazon,The last one is my fav 🙌🏼🎉 #gadgets #Home #kitchen #amazonmusthaves #amazonfinds #productreview #products ,Justice Buys,justicebuys,3024573,12172,71919,38622763,365611,47,2023-04-07,False,https://www.tiktok.com/@justicebuys/video/7219327568930065710,videos/Kitchen/3024573likes_12172cmt_7219327568930065710.mp4
7634227191013739808,Fashion,viral jeans tiktok,#fyp #xyzbcafypシ #jeans  ,niki,nikishei,3022346,7440,321562,15780375,184428,9,2026-04-29,False,https://www.tiktok.com/@nikishei/video/7634227191013739808,videos/Fashion/3022346likes_7440cmt_7634227191013739808.mp4
7334721007795604769,Home,viral bedding tiktok,Which bed are you napping the hardest in? 😴 #fyp #foryou #aesthetic #vibes #relax #nostalgia #bedroom #whichonewouldyoupick #viral ,☁️NewFantasy☁️,yourfantasy01,2947656,77467,122114,24314545,393058,61,2024-02-12,False,https://www.tiktok.com/@yourfantasy01/video/7334721007795604769,videos/Home/2947656likes_77467cmt_7334721007795604769.mp4
7551676769292520711,Fitness,viral water bottle,#waterbottle #kids #patience #mom #boys ,Chantal Allem ✌🏻,mrsallem1,2828539,13572,647678,35988171,96434,11,2025-09-19,False,https://www.tiktok.com/@mrsallem1/video/7551676769292520711,videos/Fitness/2828539likes_13572cmt_7551676769292520711.mp4
6837295075324611846,Car,car must haves amazon,Amazon car must haves pt.4!✨ #carmusthaves #carhacks #amazon #amazonprime #founditonamazon #amazonmusthaves #onlineshopping #lifehacks #lifetips #hack,toponlinefinds,toponlinefinds,2822313,6546,79212,13830745,256063,58,2020-06-12,False,https://www.tiktok.com/@toponlinefinds/video/6837295075324611846,videos/Car/2822313likes_6546cmt_6837295075324611846.mp4
7207869762322451754,Car,car must haves amazon,I keep my car stocked with all of this said no one ever💁🏽‍♀️ but i was really impressed with the car slime.. everything is linked on my Amaz0n under Car Finds #amazonfinds #carfinds #restock #satire #cartok #organize #review #amazonfavorites ,𝐾𝑎𝑚𝑖 𝐿𝑎𝑟𝑎𝑒,kami.larae,2680556,5591,79515,12162928,424774,119,2023-03-07,False,https://www.tiktok.com/@kami.larae/video/7207869762322451754,videos/Car/2680556likes_5591cmt_7207869762322451754.mp4
7627225638629395725,Fashion,viral jeans tiktok,Okayyyyy#fypツ #tiktokblowthisup #jeans #foryoupage #viral @Revice @SOJOS ,Leah Suarez,its_leah0912,2525961,5490,304910,18938355,158547,12,2026-04-10,True,https://www.tiktok.com/@its_leah0912/video/7627225638629395725,videos/Fashion/2525961likes_5490cmt_7627225638629395725.mp4
7640984759111273742,Pets,dog products viral,My poke bear learning new tricks!  #boxersoftiktok #bathtime #newtoy ,Michaela Lopez,mamalopezof2,2498375,21656,635276,29415815,105101,65,2026-05-17,False,https://www.tiktok.com/@mamalopezof2/video/7640984759111273742,videos/Pets/2498375likes_21656cmt_7640984759111273742.mp4
7609831018245278990,Beauty,body care viral products,Whewww…on top of being pregnant 🫠but it’s gotta be done!  Some of my fav after shower products🚿🧴✨: @deziskin  @Kiehl's Since 1851  @Palmer's  #bodycare ,Lala Baptiste✨,lalatheislandgal,2496384,3358,76980,13177301,121913,6,2026-02-22,False,https://www.tiktok.com/@lalatheislandgal/video/7609831018245278990,videos/Beauty/2496384likes_3358cmt_7609831018245278990.mp4
7532572001223888158,Factory,manufacturing process viral,Inside the factory Forging Quality Steel Takes More Than Fire 1 #factory #worker #process #manufacturing #blacksmith #forging,Global Forge Hub,globalforgehub,2488702,8594,37563,181922980,100747,90,2025-07-30,False,https://www.tiktok.com/@globalforgehub/video/7532572001223888158,videos/Factory/2488702likes_8594cmt_7532572001223888158.mp4
7629318724629089558,Health,viral health products,No slacking on holiday here - all products linked in my bio🫶🏼,Olympia Anley,olympiaanley,2468319,10435,68872,20298786,246200,68,2026-04-16,False,https://www.tiktok.com/@olympiaanley/video/7629318724629089558,videos/Health/2468319likes_10435cmt_7629318724629089558.mp4
7569346047030398226,Factory,manufacturing process viral,How My Italian Grandparents Make Prosciutto the Traditional Way #food #Recipe #homemade #fyp #viral ,The Spicy Nonna,thespicynonna,2433577,9375,136578,28582945,156194,179,2025-11-05,False,https://www.tiktok.com/@thespicynonna/video/7569346047030398226,videos/Factory/2433577likes_9375cmt_7569346047030398226.mp4
7609200062014426376,Toys_Gifts,viral gift ideas products,the highlighted “i love you’s” in every page 🥹 #Love #ilovemybf #giftideas #yellowfont #viral ,Kalyanne🪽,emyliakalyanne,2362653,8081,191266,12739764,285135,32,2026-02-21,False,https://www.tiktok.com/@emyliakalyanne/video/7609200062014426376,videos/Toys_Gifts/2362653likes_8081cmt_7609200062014426376.mp4
7645515684167879958,Factory,how its made factory,🚨 America’s Most Advanced Noodle Factory | Massive Production Process Revealed! 🍜🔥##NoodleFactory #FoodFactory #FactoryProcess #FactoryProcess ,Full Power Factory,fullfactry,2362242,59249,1550485,175221768,368605,93,2026-05-30,False,https://www.tiktok.com/@fullfactry/video/7645515684167879958,videos/Factory/2362242likes_59249cmt_7645515684167879958.mp4
7628594071564569870,Car,viral car accessories tiktok shop,Triangular car led window	#car #cars #cartiktok	 #cartok#carsoftiktok#auto#automotive#autoaccessories#caraccessories#cardetailing #cargadgets#caraudio#carcare #carexterior #accessories#accessoriesforcar,Wholesale of goods,wholesale.of.good2,2349522,5345,32350,80219535,68722,25,2026-04-14,False,https://www.tiktok.com/@wholesale.of.good2/video/7628594071564569870,videos/Car/2349522likes_5345cmt_7628594071564569870.mp4
7612243477212040470,Factory,factory tour viral,‎Amazing factory 🏭 work #relaxing #satisfying #factory #asmr #usa🇺🇸 ‎,Daily Tips&Tricks,daily.tipstricks7,2308008,4886,77487,92189460,107576,62,2026-03-01,False,https://www.tiktok.com/@daily.tipstricks7/video/7612243477212040470,videos/Factory/2308008likes_4886cmt_7612243477212040470.mp4
7623186842044714253,Food,viral food products,actually buss!! I’ll make a video on how to! #pbj #viral #airfryer #fyp #snackideas @CRUX ,brina_bakes,brina_bakes,2297095,19351,269897,16932105,169024,6,2026-03-30,False,https://www.tiktok.com/@brina_bakes/video/7623186842044714253,videos/Food/2297095likes_19351cmt_7623186842044714253.mp4
7619802214512463126,Factory,factory process satisfying,Satisfying Factory Workers & their high IQ.  #asmr #factory #factorywork #satisfyingvideos #tiktokusa ,InsideFactory,insidefact0ry,2263586,4914,44984,49381918,117603,67,2026-03-21,False,https://www.tiktok.com/@insidefact0ry/video/7619802214512463126,videos/Factory/2263586likes_4914cmt_7619802214512463126.mp4
7497359659104226602,Fitness,viral water bottle,watching this back i still don’t get it #confused #help #helpme #waterbottle #spillproof #walmart #mindgames #commonsense #real #adayinmylife #shopping #water #mindgames #fyp #fypage #fypシ゚viral #foryoupage #foru ,Vanessa,vanessa_thisismylife,2249934,28225,22849,39708229,68292,67,2025-04-25,False,https://www.tiktok.com/@vanessa_thisismylife/video/7497359659104226602,videos/Fitness/2249934likes_28225cmt_7497359659104226602.mp4
7347316339750505761,Home,viral lamp tiktok,"It is too cute, obviously she will want it🥹💕 #light #night #sleep #cute #bunny #viral #fyp #tiktokmademebuyit ",Link In Bio 💖,mylightstore,2202079,20558,352260,25901170,350949,10,2024-03-17,False,https://www.tiktok.com/@mylightstore/video/7347316339750505761,videos/Home/2202079likes_20558cmt_7347316339750505761.mp4
7633912137567505678,Baby,viral baby gadgets,When Baby Sees New Toy… Chaos Begins 🤪……..#fyp #funnybaby #babytoys #babiesoftiktok #funnyvideo ,Baby_8699,funny_baby8699,2133945,24908,281928,69586722,142903,61,2026-04-28,False,https://www.tiktok.com/@funny_baby8699/video/7633912137567505678,videos/Baby/2133945likes_24908cmt_7633912137567505678.mp4
7605623406662323487,Hair,hair straightener viral,help ik the comments boutta be wild #foryou #hair #deadhair #bedhead #hairtok ,👼,whitwhitgrwm1,2042334,10297,105065,33496879,66430,81,2026-02-11,False,https://www.tiktok.com/@whitwhitgrwm1/video/7605623406662323487,videos/Hair/2042334likes_10297cmt_7605623406662323487.mp4
7540309751142370590,Home,viral bedding tiktok,G 😭😭😭😭😭😭😭😭😭😭 #fyp #newborn #viral #funny ,Shay Westbrooks 🌻,shaywestbrooks,2038310,19879,427198,10109031,85955,14,2025-08-19,False,https://www.tiktok.com/@shaywestbrooks/video/7540309751142370590,videos/Home/2038310likes_19879cmt_7540309751142370590.mp4
7636161226162081054,Hair,hair straightener viral,I did not burn my hair using the flat iron……it burned off cuz the stove fire blew up in my hair and when I tried straightening it it came out in chunks 💔💔#help #fyp #omgg #crying #nevermakingmacandcheeseagain,Sierra Lee,sierra.lee113,2030738,14112,733465,37168414,75633,9,2026-05-04,False,https://www.tiktok.com/@sierra.lee113/video/7636161226162081054,videos/Hair/2030738likes_14112cmt_7636161226162081054.mp4
7594400653728877846,Factory,inside the factory tiktok,Inside the World’s Largest Banana Leaf Factory #ManufacturingProcess #leaf #treanding #virale #london ,Ultra Process,ultraprocess,2028618,32500,157479,116341941,159571,63,2026-01-12,False,https://www.tiktok.com/@ultraprocess/video/7594400653728877846,videos/Factory/2028618likes_32500cmt_7594400653728877846.mp4
7626524353479380237,Home,viral lamp tiktok,"You can find them out in my profile!!! ⚡️ Having your own business that you do by yourself is hard, especially when it’s not going so good a lot of my lamps are being left unnoticed and it’s just on my self. Let me know if you guys like my HTTYD lamps 🥹❤️‍🩹 #artsandcrafts #httyd #howtotrainyourdragon #toothless ",Olivia’s Art,oliviaresinlamps,1978681,2462,162412,12905599,118409,9,2026-04-08,False,https://www.tiktok.com/@oliviaresinlamps/video/7626524353479380237,videos/Home/1978681likes_2462cmt_7626524353479380237.mp4
7636773546189917460,Factory,toy factory viral,Factory-made squishy apple hits different 🍎#squishy #StressRelief #fidgettoys #squishytok #asmr       ,Tina.fidgettoy,tina.fidgettoy.factory,1942054,5611,145337,20775104,93297,12,2026-05-06,False,https://www.tiktok.com/@tina.fidgettoy.factory/video/7636773546189917460,videos/Factory/1942054likes_5611cmt_7636773546189917460.mp4
7492623188732480814,Home,viral bedding tiktok,Fireeeee. #fyp #roomtok #boyroom #tiktok #tiktokshop #viral #trending #surfboard #shelf #helmet #poster #album #mindset #wakeboard #music #vibe #bed #woodenbed #custombed #lights #lighting #led #plants ,TokFinds,tok.ffinds,1939573,4422,100969,21722349,396056,11,2025-04-13,True,https://www.tiktok.com/@tok.ffinds/video/7492623188732480814,videos/Home/1939573likes_4422cmt_7492623188732480814.mp4
7575323088833760542,Fitness,viral water bottle,I will NOT get an owala #fyp #hydroflask #owala #waterbottle #StanleyCup ,sadafs.wrld,sadafs.wrld,1912531,13359,13357,21567600,37259,6,2025-11-21,False,https://www.tiktok.com/@sadafs.wrld/video/7575323088833760542,videos/Fitness/1912531likes_13359cmt_7575323088833760542.mp4
7646179829255114014,Food,viral food products,Red Robin🤤 #fyp #trend #viral #food,LuvEthan,luvlozer_,1891533,30729,649160,12874999,217180,10,2026-05-31,False,https://www.tiktok.com/@luvlozer_/video/7646179829255114014,videos/Food/1891533likes_30729cmt_7646179829255114014.mp4
7559116374665219335,Home,viral bedding tiktok,Edit: I did not know this was gonna go viral helppp #sleep #foryou ,yournewfavspam,yournewfavspam1,1873854,5982,99775,9976072,100341,15,2025-10-09,False,https://www.tiktok.com/@yournewfavspam1/video/7559116374665219335,videos/Home/1873854likes_5982cmt_7559116374665219335.mp4
7643806541619006752,Fitness,viral workout products,#fy #pilates,Elenas Pilates,e.1en.aa,1845309,9066,118765,14806259,1037142,32,2026-05-25,False,https://www.tiktok.com/@e.1en.aa/video/7643806541619006752,videos/Fitness/1845309likes_9066cmt_7643806541619006752.mp4
7644143343664008469,Food,viral food products,and somehow we got full 😭 #seafoodboil #seafood ,girlwholovesicedlattes,girlwholovesicedlattes,1809190,9140,53487,27629617,31570,18,2026-05-26,False,https://www.tiktok.com/@girlwholovesicedlattes/video/7644143343664008469,videos/Food/1809190likes_9140cmt_7644143343664008469.mp4
7460576250688556331,Home,viral bedding tiktok,Another making the bed video ,Rara,amazonianrara_,1783724,17096,908713,21445031,350324,27,2025-01-16,False,https://www.tiktok.com/@amazonianrara_/video/7460576250688556331,videos/Home/1783724likes_17096cmt_7460576250688556331.mp4
7647063729955163422,Misc,tiktok shop must buy,"I look like shrek took me to the back and had his way with me 🫩✌🏽 EDIT: if yall wanna try this, it’s in my showcase 🤣🐸. #teethwhitening #tiktokshop #saxophone #30minutes #fail ",𝓛𝔂𝓻𝓲𝓬 <3,hausoflyric_,1763105,7940,134391,33038043,46514,26,2026-06-03,True,https://www.tiktok.com/@hausoflyric_/video/7647063729955163422,videos/Misc/1763105likes_7940cmt_7647063729955163422.mp4
7560787644758674695,Factory,inside the factory tiktok,#fyp #foryoupage #fyppppppppppppppppppppppp #sayuriysopholov #laobsesionfactory ,sol ⋆˚꩜｡,mby_sun,1753833,3988,60070,14766505,151404,113,2025-10-13,False,https://www.tiktok.com/@mby_sun/video/7560787644758674695,videos/Factory/1753833likes_3988cmt_7560787644758674695.mp4
7631412594758126879,Toys_Gifts,unique gifts viral tiktok,What do you think ?#uniquegifts #handmadegifts #woodcraft #relaxing #aesthetic ,MarinerPoet™️,marinerpoet,1752122,14239,40716,30110919,96519,23,2026-04-22,False,https://www.tiktok.com/@marinerpoet/video/7631412594758126879,videos/Toys_Gifts/1752122likes_14239cmt_7631412594758126879.mp4
7597791882059599159,Hair,hair straightener viral,I flat ironed her hair hellaaaa good 👏🏾🙌🏾 . . . #4u #explorepage✨ #viral #viralvideo #celebrityhairstylist #fypage #hairreels #ktips #hairtutorial #reels #hairclass #businessmentor #traditionalsewins #viralpost #ktipextensions #wig #ktipclass #class #silkpress #silkpressnaturalhair ,Kellys Hair,kellys.hair,1701690,6969,17062,16715015,48781,119,2026-01-21,False,https://www.tiktok.com/@kellys.hair/video/7597791882059599159,videos/Hair/1701690likes_6969cmt_7597791882059599159.mp4
7643026174913940750,Baby,baby must haves amazon,Tucking them in and whispering all the dreams I wish for them. 🌠🤫#postpartumjourney#mommusthaves#review#momtok#pregnant#mum#family#babymusthaves#babyessentials#newmom#newmom#mommusthaves#momtok#postpartumjourney#motherhood#pumpwithme#australiamomi,phoneix,phoeniixt,1654603,22786,674897,20081585,73748,35,2026-05-23,False,https://www.tiktok.com/@phoeniixt/video/7643026174913940750,videos/Baby/1654603likes_22786cmt_7643026174913940750.mp4
7589531557224893717,Hair,viral hair products tiktok shop,My Favorite Serum #fyp #hairgrowth #hairserum #tiktokshopfinds #haircare,user2228853100303,user2228853100303,1643222,8109,192001,24076074,312456,35,2025-12-30,False,https://www.tiktok.com/@user2228853100303/video/7589531557224893717,videos/Hair/1643222likes_8109cmt_7589531557224893717.mp4
7636934804553862414,Fitness,viral water bottle,Bro is chill with it 🔥 @MC Kokoli #game #viral #trending #waterbottleflip #fyp ,House of Highlights,houseofhighlights,1638461,11431,66188,37823630,66506,59,2026-05-07,False,https://www.tiktok.com/@houseofhighlights/video/7636934804553862414,videos/Fitness/1638461likes_11431cmt_7636934804553862414.mp4
7631706673488399636,Outdoor,outdoor must haves,best find of the summer ☀️ I love that this outdoor tanning pool has a built in cooler and pocket for all your tanning needs 👙🌴💦 #tanningpool #outdoortanningbed #amazonsummerfinds #tanningtime #summeressentials tips to get the best tan,Sam Shan Shops 🦋,sam.shan.shops,1627347,3040,269190,19910065,170494,11,2026-04-22,False,https://www.tiktok.com/@sam.shan.shops/video/7631706673488399636,videos/Outdoor/1627347likes_3040cmt_7631706673488399636.mp4
7640587301327883550,Outdoor,viral pool finds,highly recommenddd it makes tanning 10x better!!! #tanning #motherdaughter #fyp  #samsclub @Sam’s Club ,kyrieondenise,kyrieona.denise,1619090,2346,281778,12904792,137463,15,2026-05-16,False,https://www.tiktok.com/@kyrieona.denise/video/7640587301327883550,videos/Outdoor/1619090likes_2346cmt_7640587301327883550.mp4
7630254517644299551,Shoes_Bags,viral bags amazon finds,This bag is unbelievable🥹 Link in my bio😇 #carryonbag #travelhack #dufflebag #travellabag #usa,Travella,travellabag.us,1612907,7408,123389,28063494,204248,66,2026-04-19,False,https://www.tiktok.com/@travellabag.us/video/7630254517644299551,videos/Shoes_Bags/1612907likes_7408cmt_7630254517644299551.mp4
7168972386413595950,Toys_Gifts,viral gift ideas products,Which one would you want? 🎁 #giftideas  #amazon #amazonfinds #christmasgiftideas #blackfriday #amazonmusthaves #amazongiftideas #christmas2022 #giftideasforher #giftideasforhim #giftideasforfriends #blackfridaydeals #cybermonday ,Hello Kristen,hellokristen,1583743,3026,43133,14520817,349693,29,2022-11-22,False,https://www.tiktok.com/@hellokristen/video/7168972386413595950,videos/Toys_Gifts/1583743likes_3026cmt_7168972386413595950.mp4
7641643786979904781,Hair,viral nail products tiktok,"🌊🫧 @SOUTHLAKE,TX NAIL TECH & WAXER  #fyp #viral #nailtech #nails #nailtransition ",I S A B E L,_littleizz_,1574398,2649,26025,14369838,112855,7,2026-05-19,True,https://www.tiktok.com/@_littleizz_/video/7641643786979904781,videos/Hair/1574398likes_2649cmt_7641643786979904781.mp4
7630655694580092182,Home,viral bedding tiktok,I’m so glad i got this viral projector so i can sleep in the dark again without using a nightlight 🥹🎥🌌 #homebody #bedroomgoals #nightlight #cozyathome #sleepyday ,Oklumi,oklumiofficial,1522004,4996,146582,23824562,188640,12,2026-04-20,False,https://www.tiktok.com/@oklumiofficial/video/7630655694580092182,videos/Home/1522004likes_4996cmt_7630655694580092182.mp4
7606134823555452174,Hair,viral nail products tiktok,nail inspo!! #fypシ゚viral #2026 #spam #nailart #nailinspo ,ellysnajar,ellysnajar,1487662,3004,23495,41346510,43504,8,2026-02-13,False,https://www.tiktok.com/@ellysnajar/video/7606134823555452174,videos/Hair/1487662likes_3004cmt_7606134823555452174.mp4
7627124986884525320,Beauty,viral mascara,im desperate #pll #everafterhigh #mascara #doll #viral ,Sin nombre,velourstars,1475081,3282,23888,7139005,110398,12,2026-04-10,True,https://www.tiktok.com/@velourstars/video/7627124986884525320,videos/Beauty/1475081likes_3282cmt_7627124986884525320.mp4
7605038103308324126,Home,viral bedding tiktok,A little space 🌟 All for my peaceful mind#HomeVlog#Viral#fyp#cozyhome#cozyvibes#quietlife#peaceful#MinimalistLiving#adulting ,Hoshikawa,hoshikawa65,1473467,5478,75255,10539061,185638,11,2026-02-10,False,https://www.tiktok.com/@hoshikawa65/video/7605038103308324126,videos/Home/1473467likes_5478cmt_7605038103308324126.mp4
7420126469185178910,Home,viral kitchen organization,"Asmr restocking, organizing and refill #ASMR #restock #restocking #restockasmr #restocked #asmrrestock #organize #organization #organizing #organized #usa #unitedstates #america #satisfying #kitchenrestock #random #refill #organizedhome #restocksnack #satisfying #satisfyingvideo #satisfyingsounds #random #refill #asmrsounds #asmrvideo #asmrtiktoks #usa #unitedstate  #viral #fyp #trending",Beauty in Sound Asmr,beautyinsoundasmr,1470298,10412,169329,20142051,193667,264,2024-09-29,False,https://www.tiktok.com/@beautyinsoundasmr/video/7420126469185178910,videos/Home/1470298likes_10412cmt_7420126469185178910.mp4
7282164788988300574,Fitness,viral water bottle,#😂😂😂😂😂 #classroom #waterbottle #playing #kidsoftiktok ,Rićh Portér,_richporter_,1467616,4002,95955,7420126,214786,14,2023-09-23,False,https://www.tiktok.com/@_richporter_/video/7282164788988300574,videos/Fitness/1467616likes_4002cmt_7282164788988300574.mp4
7391664628079529246,Home,viral kitchen organization,An ASMR satisfying fridge restock 🤩 #fridgerestock #healthylifestyle #sundayreset #kitchenorganization #restock #asmr #restockasmr #asmrsounds #homeorganization #organizedhome #fridgeorganization #foryou #fyp #creatorsearchinsights ,Micah│DIY│Organization | ASMR,makeitwithmicah,1417601,5628,85289,14687673,166772,76,2024-07-15,False,https://www.tiktok.com/@makeitwithmicah/video/7391664628079529246,videos/Home/1417601likes_5628cmt_7391664628079529246.mp4
7528327859341954335,Electronics,viral projector tiktok,do NOT watch this movie with family!  #joyride #foryou #fyp #viral #trending #viralvideo #recommendations #bestmovies #musthave #productreview #tiktokshop #roomvibes #cozysetup #aestheticroom #ledlights #tiktokmademebuyit #amazonfinds #dormdecor #homeentertainment #stephaniehsu #ashleypark #projectorlife #homemovienight #movienightsetup #projectoraesthetic #homecinema #projectorscreen ,TinTany,atinytanz,1400115,2062,69769,12259594,135910,53,2025-07-18,True,https://www.tiktok.com/@atinytanz/video/7528327859341954335,videos/Electronics/1400115likes_2062cmt_7528327859341954335.mp4
7341678868006325547,Factory,how its made factory,How Public Favorite flip flop are made in factory || #fyp #factory #foryourpage #amazing #smart #work #process #nyc ,kanwal zulkernain,thefactory25,1375065,10175,73889,28481224,72814,214,2024-03-02,False,https://www.tiktok.com/@thefactory25/video/7341678868006325547,videos/Factory/1375065likes_10175cmt_7341678868006325547.mp4
7611130097663511839,Toys_Gifts,unique gifts viral tiktok,"Clay + napkin → DIY decor magic ✨ The prettiest handmade gift idea that’s so easy and so affordable but looks high-end 🤍  Roll out nontoxic polymer clay, press it over an egg carton, trim + bake. Add napkin pieces with Mod Podge, then seal with a food-safe resin for that glossy, high-end finish. #easydiy #CraftTok #DIYDecor #BudgetDIY #KitchenDecor",ShellyChicBoutique,shellydoesdiy,1353679,3414,76289,35010935,207422,19,2026-02-26,False,https://www.tiktok.com/@shellydoesdiy/video/7611130097663511839,videos/Toys_Gifts/1353679likes_3414cmt_7611130097663511839.mp4
7633935451249724680,Fitness,viral water bottle,Neverending Midnight Sun dance challenge with water bottles Zara Larsson @Zara Larsson  Outfit: @Desigual By @Ani Tian  #midnightsun #zaralarsson #waterdance #desigual #traineex,TRAINEE X,trxineex,1349479,2430,27876,9488546,71343,19,2026-04-28,False,https://www.tiktok.com/@trxineex/video/7633935451249724680,videos/Fitness/1349479likes_2430cmt_7633935451249724680.mp4
7170801533565766958,Kitchen,viral kitchen gadgets,Best kitchen gadget #food #fypシ #tiktokmademebuyit #kitchen #kitchengadgets #kitchenware ,connor,kitchenconqueror,1349022,9840,86197,55927156,158013,9,2022-11-27,False,https://www.tiktok.com/@kitchenconqueror/video/7170801533565766958,videos/Kitchen/1349022likes_9840cmt_7170801533565766958.mp4
7505547955902876971,Fashion,viral swimsuit tiktok,Another beach draft cause why not 🌅 @Kulani Kinis 🌺 #trending #Summer #summer2025 #sunset #beachsunset #sunsetpic #kulanikinis #bikini #im18 ,Kin🌺,mckinley_paige,1340378,2630,49676,8800748,110941,12,2025-05-17,False,https://www.tiktok.com/@mckinley_paige/video/7505547955902876971,videos/Fashion/1340378likes_2630cmt_7505547955902876971.mp4
7640252771857354015,Pets,dog products viral,"help he’s broken, check the link in bio for good puppy products 🤭 #fyp #gsd #foryoupage #dog #puppy ",olliebites_,olliebites_,1323679,2283,97591,6762940,72131,22,2026-05-15,False,https://www.tiktok.com/@olliebites_/video/7640252771857354015,videos/Pets/1323679likes_2283cmt_7640252771857354015.mp4
7244153168320335131,Office,viral desk accessories tiktok shop,set up my new desk with me!! 🎧☁️ everything is linked on my amazon storefront under ‘desk/office’ 🤍 #desksetup #desktour #desktop #deskorganization #deskdecor #deskgoals #deskaesthetic #amazonfinds #amazonmusthaves #minimalist #thatgirl #cleangirlaesthetic #aesthetic #productivity #motivation #trending #Lifestyle #beigeaesthetic #stationery #asmr #unboxing #satisfying #gadget #gadgetlover ,zara joiner,zarajoiner,1306876,3337,31978,13047287,160942,163,2023-06-13,False,https://www.tiktok.com/@zarajoiner/video/7244153168320335131,videos/Office/1306876likes_3337cmt_7244153168320335131.mp4
7607161847518743830,Health,viral health products,"Home gym goals💗 I knew this was the only home workout equipment I'd ever need, and I was right. It’s the perfect blend of aesthetic design and versatility, making training at home a whole lot more fun!🌸💪🏻 Would you put this home gym setup on your wishlist? Home gym setup: @Nalamoves 💗 link in my profile! #Fitness #homeworkout #calisthenics #healthylifestyle #workout ",nala_aurora,nala_aurora,1251574,9015,127059,15192323,252492,50,2026-02-15,False,https://www.tiktok.com/@nala_aurora/video/7607161847518743830,videos/Health/1251574likes_9015cmt_7607161847518743830.mp4
7645893057635716365,Outdoor,viral pool finds,#glowinthedark #Summer #poolparty #viral #fyp ,beverly,drakeon_repeat,1248190,4256,125975,6818377,69428,10,2026-05-31,False,https://www.tiktok.com/@drakeon_repeat/video/7645893057635716365,videos/Outdoor/1248190likes_4256cmt_7645893057635716365.mp4
7592436463187315990,Home,viral bedding tiktok,Which bed is your vibe? #chilltok #aestetic #2020 #chooseone #USA ,Norex Cova 🏄,norex.cova,1236771,32243,338484,10226161,139405,60,2026-01-07,False,https://www.tiktok.com/@norex.cova/video/7592436463187315990,videos/Home/1236771likes_32243cmt_7592436463187315990.mp4
7640890755627765014,Hair,viral nail products tiktok,When the light hits just right….✨💅 Little sparkles for big days ✨ #nails #pressonnails #softglam #naillove #aestheticnails ,YNailVibes,nails4790,1235718,9423,329409,26473247,311171,9,2026-05-17,False,https://www.tiktok.com/@nails4790/video/7640890755627765014,videos/Hair/1235718likes_9423cmt_7640890755627765014.mp4
7639898473554251021,Fashion,viral jeans tiktok,chill cuz this the limit ,g,g9143271,1233774,3185,32867,7644589,43760,10,2026-05-14,False,https://www.tiktok.com/@g9143271/video/7639898473554251021,videos/Fashion/1233774likes_3185cmt_7639898473554251021.mp4
7384947316341378346,Home,viral kitchen organization,ASMR setting up the kitchen junk drawer 🌈💛 part 1 of my “move-in” series (quotes bc it’s the same house i’ve been in but now it’s all mine 🥳) everything’s listed on my am@z0n$tor3fr0nt under ‘junk drawer’ 🫶🏼 #amazonhomefinds #kitchenjunkdrawer #restock #kitchendrawerorganization #restockasmr ,nadia,nadismit,1194684,4168,16650,11839539,83339,72,2024-06-26,False,https://www.tiktok.com/@nadismit/video/7384947316341378346,videos/Home/1194684likes_4168cmt_7384947316341378346.mp4
7623053726349118733,Food,tiktok shop snacks viral,Let’s eat 100 year old candy… #food #eating #candy #asmr #mukbang ,Kimlizasmr,kimnlizasmr,1191319,26046,40740,24114699,114729,63,2026-03-30,False,https://www.tiktok.com/@kimnlizasmr/video/7623053726349118733,videos/Food/1191319likes_26046cmt_7623053726349118733.mp4
7429614210889370923,Food,tiktok shop snacks viral,LOACKER CHOCOLATE HAZELNUT @Costco Wholesale COSTCO FINDS #costcofinds #costcotiktok #costcobuys #creatorsearchinsights #mukbang #loacker🍫  #mukbangeatingshow #mukbangs #mukbangshow #foodtiktok #FoodTok #FoodLover #Foodie #eating #eatingshow #asmr #foodasmr #sffoodie #sanfranciscofoodie #bayareafoodies #bayareafoodie #typ #typ #fypppppppppppppp #typdong #foodiesushiqueen #bigbites #foodietok #mukbang #mukbangeatingshow #mukbangs #mukbangshow #foodtiktok #FoodTok #FoodLover #Foodie #eating #eatingshow #asmr #foodasmr #sffoodie #sanfranciscofoodie #bayareafoodies #bayarefoodie #fyppppp #fypp #typdong #foodiesushiqueen #carmukbang #crunch #crunchy #crunchysounds #foodchallenges #foodchalleges ,foodiesushiqueen,foodiesushiqueen,1177277,4146,78255,13013752,131972,65,2024-10-25,False,https://www.tiktok.com/@foodiesushiqueen/video/7429614210889370923,videos/Food/1177277likes_4146cmt_7429614210889370923.mp4
7645489529859673365,Home,viral bedding tiktok,🥹🥹 #trending #fyp #viral #bedroom #cozy ,✪𝓴𝓪𝓼𝓼𝔂✪,alrrmavv,1172515,6100,94566,7511899,89706,13,2026-05-30,False,https://www.tiktok.com/@alrrmavv/video/7645489529859673365,videos/Home/1172515likes_6100cmt_7645489529859673365.mp4
7617987076541189390,Toys_Gifts,viral toys tiktok shop,So cute#fyp #tiktokshop #toy ,skieo,skieo18,1169408,5607,254295,37289495,79200,15,2026-03-16,False,https://www.tiktok.com/@skieo18/video/7617987076541189390,videos/Toys_Gifts/1169408likes_5607cmt_7617987076541189390.mp4
7622337025663913247,Kitchen,viral kitchen gadgets,"Redefine your kitchen with Invisacook — a groundbreaking solution that allows you to enjoy cooking without a stove or visible burners.  Designed to disappear completely beneath your countertop, Invisacook transforms any surface into a fully functional cooking space while preserving a clean, uninterrupted aesthetic.  There are no traditional cooktops, no bulky appliances, and no visual distractions—just a seamless surface that combines design and performance in one. Powered by advanced induction technology, Invisacook enables precise and efficient cooking directly through the countertop.  What looks like a simple, elegant workspace becomes a high-performance cooking area, where heat is delivered exactly where it’s needed—into the cookware—while the surrounding surface remains safe and easy to use.  This creates a unique environment where you can prepare ingredients, cook meals, and serve food all on the same surface without ever moving away from your workspace. Perfect for modern homes, luxury interiors, and open-concept kitchens, Invisacook maximizes space while elevating the overall design. Cooking without a stove or visible burners is no longer a concept—it’s a reality that brings together innovation, minimalism, and functionality.  With Invisacook, your kitchen becomes a refined, versatile space where technology stays hidden, and the experience takes center stage. The surface featured in this video is crafted from Blue Ande ceramic by Level (@emilgroup ), combining refined design, durability, and advanced functionality in one seamless solution. #invisacook #invisacook_europe #invisiblecooktop #levelceramic #cookingwithinvisacook ",Invisacook,invisacook,1162299,12394,195738,32990625,158446,36,2026-03-28,False,https://www.tiktok.com/@invisacook/video/7622337025663913247,videos/Kitchen/1162299likes_12394cmt_7622337025663913247.mp4
7252372071269797162,Office,viral desk accessories tiktok shop,I want to get a new desk but the set up is cuteee! Everything is on my amazn favorites page! #desksetup #desktour #deskorganization #deskdecor #deskaesthetic #amazonfinds ,Valerie Sanders,valerie_sanders,1153119,3130,45198,13435930,168030,39,2023-07-05,False,https://www.tiktok.com/@valerie_sanders/video/7252372071269797162,videos/Office/1153119likes_3130cmt_7252372071269797162.mp4
7577613588995624210,Home,viral bedding tiktok,Which Bed Would You Sleep In? 🎈⛓🔮 AI ASMR #satisfyingvideo #satisfying #shorts #aiart #ASMR #whichonewouldyoupick #visualart #ai #whichone,imaginevideoai,imaginevideoai,1129882,6611,178224,32617640,46556,64,2025-11-28,False,https://www.tiktok.com/@imaginevideoai/video/7577613588995624210,videos/Home/1129882likes_6611cmt_7577613588995624210.mp4
7420065209911430432,Fashion,tiktok shop fashion haul,Run to @BERSHKA 🫶🏽✨ #viraltiktok #foryou #fy #autumn #autumnfashion #fashion #fashiontiktok #shoppinghaul #shopping #outfit #OOTD #styleinspo #outfitinspiration #bershka #bershkastyle  ,𝐓𝐀𝐌𝐀𝐑𝐀,tamara_es,1126615,2665,136555,12353878,140746,9,2024-09-29,True,https://www.tiktok.com/@tamara_es/video/7420065209911430432,videos/Fashion/1126615likes_2665cmt_7420065209911430432.mp4
7621342085949541663,Kitchen,viral kitchen gadgets,Created by my family for your family!#adaptchula #kitchengadgets #KitchenHacks #spatula #enterpreneur ,BlueBosti,bluebosti,1124393,8458,104883,19480351,112547,68,2026-03-25,False,https://www.tiktok.com/@bluebosti/video/7621342085949541663,videos/Kitchen/1124393likes_8458cmt_7621342085949541663.mp4
7591306149236886798,Factory,food factory process,Inside the 50_000 LB Jackfruit Plant - The HYPNOTIC Shredding of Modern Vegan Pork Production 🤩🌱🌿🌸 #factorywork #workerslife #health ,ultra factory18,ultra.factory18,1100560,30778,90370,77674658,103960,461,2026-01-04,False,https://www.tiktok.com/@ultra.factory18/video/7591306149236886798,videos/Factory/1100560likes_30778cmt_7591306149236886798.mp4
6984756756140395782,Home,viral lamp tiktok,Wish I got one sooner #fyp #viral #duet #mydethunsunsetlamp #mydethunlampuk,Lily Rowland,lilyrowland1,1082637,14617,16447,5241682,117523,14,2021-07-14,False,https://www.tiktok.com/@lilyrowland1/video/6984756756140395782,videos/Home/1082637likes_14617cmt_6984756756140395782.mp4
7381818907855998213,Electronics,viral led lights,#starry projector light #auroraledlights ,angelinepinks,angelinepinks,1082239,2218,32004,17396450,108547,12,2024-06-18,False,https://www.tiktok.com/@angelinepinks/video/7381818907855998213,videos/Electronics/1082239likes_2218cmt_7381818907855998213.mp4
7629887797800881421,Hair,viral wig tiktok,@Cheetah Beauty Hair Shop link to this V-part wig in my showcase!💋,Dollya,dollya.c,1081303,2652,36357,5006688,77652,10,2026-04-18,True,https://www.tiktok.com/@dollya.c/video/7629887797800881421,videos/Hair/1081303likes_2652cmt_7629887797800881421.mp4
6939844343247244546,Home,viral lamp tiktok,go get yourself a sunset lamp #fyp #trend #sunsetlamp,angela,angelagiakas,1063096,34938,38429,4754993,155380,14,2021-03-15,False,https://www.tiktok.com/@angelagiakas/video/6939844343247244546,videos/Home/1063096likes_34938cmt_6939844343247244546.mp4
7633679917158239501,Kitchen,viral kitchen gadgets,Smart Food Storage Tips! ✨ Genius solutions for keeping your food fresh and smartly stored! #FreshFood #groceries #storageideas ,Jeff & Lauren,jeffandlaurenshow,1037267,5949,209345,25146350,400908,209,2026-04-29,False,https://www.tiktok.com/@jeffandlaurenshow/video/7633679917158239501,videos/Kitchen/1037267likes_5949cmt_7633679917158239501.mp4
7630921884632091934,Outdoor,outdoor must haves,"Toddler mud kitchen setup + must haves🍓✨ we stocked up her DIY mud kitchen for all the summer outdoor play & sensory fun! Easy activities & will keep her busy all summer☀️  What else should I add?? #mudkitchen #diymudkitchen #outdoorplay toddler backyard fun, mud kitchen fun, potion play, diy activities, sensory play, toddler summer activities, pregnant mom #creatorsearchinsights #toddleractivities ",Nattie | new mom & lifestyle,nattiejopo,1035097,4580,72731,12796543,120742,75,2026-04-20,False,https://www.tiktok.com/@nattiejopo/video/7630921884632091934,videos/Outdoor/1035097likes_4580cmt_7630921884632091934.mp4
7595272975193050381,Fitness,viral water bottle,We knew it was gonna work 😃😂 TikTok viral videos of water bottle #waterbottle #hooverdam @Mrs. C ,StephyH06,stephyh06,1022396,2138,3067,16479949,41585,11,2026-01-14,False,https://www.tiktok.com/@stephyh06/video/7595272975193050381,videos/Fitness/1022396likes_2138cmt_7595272975193050381.mp4
7333624179796774187,Fitness,viral water bottle,A snack and your beverage of choice in the same insulated tumbler. 2-in-1 cup. Can your Stanley do that? #waterbottle #tumbler #StanleyCup #splitflask,Official Splitflask,splitflask,1014764,3550,11430,16575064,64014,15,2024-02-09,False,https://www.tiktok.com/@splitflask/video/7333624179796774187,videos/Fitness/1014764likes_3550cmt_7333624179796774187.mp4
7644348759022865677,Factory,food factory process,PT1 Inside the Modern Noodle Factory: How Noodle Is Really Made Step by Step (Full Process),OriginLab,theoriginlab0,1007831,5831,81856,19776568,47290,72,2026-05-26,True,https://www.tiktok.com/@theoriginlab0/video/7644348759022865677,videos/Factory/1007831likes_5831cmt_7644348759022865677.mp4
7626596417129188622,Jewelry,viral claw clips,Ok but have you seen THIS claw clip ?🤧🤧 this one will fit your hair girls. Thanks @big_sac_prints hahaha #clawclip #clawcliphairstyles #hairhacks #hairtransformation #clawcliphack ,Kenna McClellan,kennarwood,1006224,3958,178939,13529012,42600,15,2026-04-09,True,https://www.tiktok.com/@kennarwood/video/7626596417129188622,videos/Jewelry/1006224likes_3958cmt_7626596417129188622.mp4
7620021127410126111,Kitchen,viral kitchen gadgets,Healthy cooking tool 😍#tiktokmademebuyit #giftforher #cooking ,happykshop,happykshop,982945,8158,142590,26572940,78663,11,2026-03-22,True,https://www.tiktok.com/@happykshop/video/7620021127410126111,videos/Kitchen/982945likes_8158cmt_7620021127410126111.mp4
7009694825083686149,Fitness,viral water bottle,It’s the little things they love #fyp #foryou #foryourpage #fypシ #amazonfinds #tiktokmademebuyit #tiktokmademebuythis,JATWEssentials,jatwessentials,979088,2382,2719,8194450,33512,13,2021-09-19,False,https://www.tiktok.com/@jatwessentials/video/7009694825083686149,videos/Fitness/979088likes_2382cmt_7009694825083686149.mp4
7641164528675228959,Pets,dog products viral,My dog can run free#petphone #petparent #petlover #dogsoftiktok #dog ,PetPhone,petphone_official,972810,4490,88617,13177805,70647,56,2026-05-18,False,https://www.tiktok.com/@petphone_official/video/7641164528675228959,videos/Pets/972810likes_4490cmt_7641164528675228959.mp4
7574182943602593037,Factory,candy factory viral,Rootbeer Candy Canes! 🍭🤎🎄trust the process! ,loganscandies,loganscandies,972407,2439,14824,16269422,68405,352,2025-11-18,True,https://www.tiktok.com/@loganscandies/video/7574182943602593037,videos/Factory/972407likes_2439cmt_7574182943602593037.mp4
7636910146551123222,Beauty,viral mascara,Publi. Si hay algo de lo que deberías tener envidia es de como deja mis pestañas la Sky High de @Maybelline ES ✨ Perfectas para todo el día #skyhigh #mascara #pestañas #productoviral ,Mujerdebuenapasta,moncluscarol,963155,2784,3230,8197851,33997,43,2026-05-06,False,https://www.tiktok.com/@moncluscarol/video/7636910146551123222,videos/Beauty/963155likes_2784cmt_7636910146551123222.mp4
7443168923106774303,Home,viral lamp tiktok,Get yours using the link in our bio 🫶❄️ #gift #lamps #snow #giftideas ,snowylampz,snowylampz,899016,2982,45855,11355507,108549,14,2024-11-30,False,https://www.tiktok.com/@snowylampz/video/7443168923106774303,videos/Home/899016likes_2982cmt_7443168923106774303.mp4
7337528464330788138,Fitness,viral water bottle,How the Stanley cup trend felt #StanleyCup #fyp #doge #trends,Squillian,squillian_yt,895522,5391,15560,9482726,155554,64,2024-02-20,False,https://www.tiktok.com/@squillian_yt/video/7337528464330788138,videos/Fitness/895522likes_5391cmt_7337528464330788138.mp4
7546467200970820919,Beauty,tiktok shop skincare viral,that’s why they call it the filter cleanser #beplainskindetox #filtercleanser #skincare #koreanskincare #tiktokshopcreatorpicks ,sk8bord b,iamsk8bordb,877223,3823,90055,83823507,282669,60,2025-09-05,True,https://www.tiktok.com/@iamsk8bordb/video/7546467200970820919,videos/Beauty/877223likes_3823cmt_7546467200970820919.mp4
7501492763989380385,Electronics,amazon tech finds,Don’t let the intern see this even 😂😂 #Tech #TechGadgets #newtech #monitor #wfh #coolfinds #coolgadgets #Tech #amazonfinds #unboxing #asmr,Aura Displays,aura_displays,874098,6007,148331,27656516,251074,11,2025-05-07,False,https://www.tiktok.com/@aura_displays/video/7501492763989380385,videos/Electronics/874098likes_6007cmt_7501492763989380385.mp4
7637908014254640406,Toys_Gifts,viral toys tiktok shop,Let’s unbox the WORLDS BIGGEST Mystery SPONGEBOB Bag!!😱🍍🌊🍔⁉️ #asmr #foryou ,Rhia👑,rhia.official,872374,2586,32761,12873136,59962,80,2026-05-09,False,https://www.tiktok.com/@rhia.official/video/7637908014254640406,videos/Toys_Gifts/872374likes_2586cmt_7637908014254640406.mp4
7642815201569410322,Fashion,viral jeans tiktok,Wee love these pants from @aelfriceden_official !! #trendingdance #sisters #viral #outfitinspo #alfriceden ,👯‍♀️,lowkeytwinns,862924,2657,33743,8596487,87159,12,2026-05-22,False,https://www.tiktok.com/@lowkeytwinns/video/7642815201569410322,videos/Fashion/862924likes_2657cmt_7642815201569410322.mp4
7406872452610952478,Factory,production line satisfying,Manufacturing is mesmerizing and satisfying. #satisfying #satisfyingvideo #relaxing #asmr #manufacturing,Oddly Satisfying,oddlysatisfying,861398,3417,35705,74785451,53158,65,2024-08-25,False,https://www.tiktok.com/@oddlysatisfying/video/7406872452610952478,videos/Factory/861398likes_3417cmt_7406872452610952478.mp4
7633499283702009110,Toys_Gifts,unique gifts viral tiktok,This is the cutest gift ever🎁 #giftideas #thoughtfulgifts #memories #fyp #thoughtful ,Petite Lights,petitelights,853985,4515,73598,9692999,105915,13,2026-04-27,False,https://www.tiktok.com/@petitelights/video/7633499283702009110,videos/Toys_Gifts/853985likes_4515cmt_7633499283702009110.mp4
7439049757194013982,Factory,manufacturing process viral,How Takis are actually made! 😳 #takis #takisfuego #takischallenge ,Create.Build.Invent,create.build.inve,841742,4147,119834,10400686,71260,98,2024-11-19,False,https://www.tiktok.com/@create.build.inve/video/7439049757194013982,videos/Factory/841742likes_4147cmt_7439049757194013982.mp4
7619215850557426964,Food,tiktok shop snacks viral,"GIANT KINDER BUENO 🍫✨ I didn’t expect it to be THIS big… crispy outside, creamy inside and the texture?? lowkey viral for a reason 👀 you can order it from @🅐🅁🅐🄱🅢🅆🅔🄴🅣🅂  #dubaifood #ramadhan #kinder ",tasha.tries.it,tasha_tries_it,841155,6691,233721,7475027,94906,32,2026-03-20,False,https://www.tiktok.com/@tasha_tries_it/video/7619215850557426964,videos/Food/841155likes_6691cmt_7619215850557426964.mp4
7631248088174267669,Factory,toy factory viral,How is this so satisfying?! 😭✨#squishy #squishyfactory #fidgettoy #StressRelief #oddlysatisfying,Tongle_Squishy_Factory,tongle_squishy_factory,833903,2556,90761,80369965,42911,14,2026-04-21,False,https://www.tiktok.com/@tongle_squishy_factory/video/7631248088174267669,videos/Factory/833903likes_2556cmt_7631248088174267669.mp4
7630528084202032397,Food,viral food products,Every Viral Sandwich in Japan 🇯🇵 #FoodTiktok #Mukbang #Japan #LifeOfCian #VinceEats ,Vince,vinceeats_,818498,2974,43360,9370491,69164,147,2026-04-19,False,https://www.tiktok.com/@vinceeats_/video/7630528084202032397,videos/Food/818498likes_2974cmt_7630528084202032397.mp4
7599867212253449502,Office,viral desk accessories tiktok shop,What do you guys think?? Isn’t she cute 😭🎀 #desk #desksetup #desktour #inoffice #deskdecor ,_baeleia,_baeleia,815242,5233,22918,5549885,64974,42,2026-01-27,False,https://www.tiktok.com/@_baeleia/video/7599867212253449502,videos/Office/815242likes_5233cmt_7599867212253449502.mp4
7627961929604140301,Pets,viral pet products tiktok shop,best puppy gadgets 🐶🐾 #dog #puppy #puppytiktok #dogowner #explorepage ,The_hayeks,the_hayeks,813991,3022,58118,10172815,53442,62,2026-04-12,False,https://www.tiktok.com/@the_hayeks/video/7627961929604140301,videos/Pets/813991likes_3022cmt_7627961929604140301.mp4
7626300554955787533,Outdoor,fishing gear viral,You told me it was Ai?🤣🤣🤣#fishinggear #justfishinglol #microfishing #tinyfishing ,JustfishingLOL.US,justfishinglolus,804963,3486,126545,25299324,30495,54,2026-04-08,False,https://www.tiktok.com/@justfishinglolus/video/7626300554955787533,videos/Outdoor/804963likes_3486cmt_7626300554955787533.mp4
7645123413908016398,Jewelry,viral jewelry finds,casually having the best jewelry cabinet ever 💅🏼 #jewelrytiktok #jewelrylover #fyp #jewelrygirl #mysteryjewelryjar ,raquel,raquellnelsonn,802396,2501,43202,4237018,57086,7,2026-05-29,True,https://www.tiktok.com/@raquellnelsonn/video/7645123413908016398,videos/Jewelry/802396likes_2501cmt_7645123413908016398.mp4
7640202200735567135,Cleaning,viral cleaning products tiktok,ik im not the only one with this dynamic 😅 #CleanTok #laundry #laundrytok #dropps #sundayreset,Dropps,dropps,800338,5820,46940,12874582,13297,7,2026-05-15,False,https://www.tiktok.com/@dropps/video/7640202200735567135,videos/Cleaning/800338likes_5820cmt_7640202200735567135.mp4
7612391083124739358,Food,viral food products,Trying Viral Michelin Restaurant in Miami  🔴El Cielo Miami  #fyp #florida #foodreview #mukbang #foodtiktok ,Cian,lifeofcian,799131,4700,70054,11000061,68336,75,2026-03-01,False,https://www.tiktok.com/@lifeofcian/video/7612391083124739358,videos/Food/799131likes_4700cmt_7612391083124739358.mp4
7643024209525886211,Toys_Gifts,viral toys tiktok shop,#fyp #viral #foryoupage #squishy #toys ,Rosie 🎀,rosieemily0x,793308,2527,68313,3283849,37385,17,2026-05-23,True,https://www.tiktok.com/@rosieemily0x/video/7643024209525886211,videos/Toys_Gifts/793308likes_2527cmt_7643024209525886211.mp4
7641953189108927775,Hair,viral wig tiktok,#hair #wig #foryoupage #humanhair #straighthair ,一叶孤舟,zhuyukloza6,786099,13788,143817,19453894,31207,13,2026-05-20,False,https://www.tiktok.com/@zhuyukloza6/video/7641953189108927775,videos/Hair/786099likes_13788cmt_7641953189108927775.mp4
7646810505398488341,Beauty,viral blush tiktok,me & my blush blindness against the world #makeup #blushon ,milkywaydreamss,milkywayydreams,786021,2129,50435,2598177,25687,11,2026-06-02,False,https://www.tiktok.com/@milkywayydreams/video/7646810505398488341,videos/Beauty/786021likes_2129cmt_7646810505398488341.mp4
7644212915435818270,Factory,manufacturing process viral,How Mosquito Coils Are Made in Factory!  #mosquito #factoryprocess #viral #aifactoryprocess #manufacturing ,Mass and Methods,mass.and.methods,785016,12354,272506,52163870,112525,129,2026-05-26,False,https://www.tiktok.com/@mass.and.methods/video/7644212915435818270,videos/Factory/785016likes_12354cmt_7644212915435818270.mp4
7183990185187740971,Home,viral lamp tiktok,She’s missing out😑#lamp #crystallamp #nightlight #tablelamp #fyp #foryou #usa #room #romantic #gift #tiktokmademebuyit ,Jasonyuad346,etuijftika8,781788,3446,20416,15884845,68373,9,2023-01-02,False,https://www.tiktok.com/@etuijftika8/video/7183990185187740971,videos/Home/781788likes_3446cmt_7183990185187740971.mp4
7643855454711368990,Pets,dog products viral,"Our foster puppies have settled in so nicely 🥹 we love having these little guys around, it almost made Bauer calm 😂 #dogsoftiktok #dogsoftiktokviral #fosterpuppy #goldenretriever #germanshepherd ",The Moriarty Family,imbluethesiberiann,781775,4077,88845,11802326,37035,114,2026-05-25,True,https://www.tiktok.com/@imbluethesiberiann/video/7643855454711368990,videos/Pets/781775likes_4077cmt_7643855454711368990.mp4
7292951386357124394,Fitness,viral water bottle,Just finished making this cool ass water bottle from a gourd #fyp #foryou #funny #DIY #build #viral ,TG_ToeGrease,tg_toegrease,778929,6546,23529,15922458,80199,14,2023-10-23,False,https://www.tiktok.com/@tg_toegrease/video/7292951386357124394,videos/Fitness/778929likes_6546cmt_7292951386357124394.mp4
7637208729485675806,Toys_Gifts,viral gift ideas products,Comment which one was your fav👀👀 mine is the watermelon🍉 #squishy #viral #trending #asmr #squishyasmr ,Bella,bellahuffey,777950,7339,40259,8066496,86011,169,2026-05-07,False,https://www.tiktok.com/@bellahuffey/video/7637208729485675806,videos/Toys_Gifts/777950likes_7339cmt_7637208729485675806.mp4
7571540818238967062,Fashion,viral leggings,#fyp #GymTok #tiktokshop #leggings #viralproducts ,Madison mae,madisonmae15,774047,2126,58331,23336459,87756,12,2025-11-11,True,https://www.tiktok.com/@madisonmae15/video/7571540818238967062,videos/Fashion/774047likes_2126cmt_7571540818238967062.mp4
7478820371219680529,Kitchen,viral kitchen gadgets,🤎🤎🤎 My fave kitchen gadgets Popcorn maker  Ice cream maker  Paper Towel holder Stone drying mat  Ice maker  Knives #kitchengadgets #KitchenHacks #kitchen #kitchendecor #decor #homedecor #homedesign ,Rue,decorsnippets,764704,2365,91785,6090811,151954,36,2025-03-06,False,https://www.tiktok.com/@decorsnippets/video/7478820371219680529,videos/Kitchen/764704likes_2365cmt_7478820371219680529.mp4
7589909383002262792,Factory,food factory process,A little BTS of a Japanese 7/11 sweets factory🍡 #japan #japanesefood #food #711 ,Hanako Montgomery,hanakomontgomery,764106,4452,92145,6673993,34608,44,2025-12-31,False,https://www.tiktok.com/@hanakomontgomery/video/7589909383002262792,videos/Factory/764106likes_4452cmt_7589909383002262792.mp4
7626080136877575438,Car,viral car accessories tiktok shop,Upgrade my car with me🎀🚗🫧  Everything linked in my Amazon Storefront! @Toyota @Toyota USA @Amazon  #carseatcover #carseatcovers #carupgrade #caracessories #carvlog ,Jazmyn🎀,thejazmynrenae,758294,3717,34751,5375196,129880,104,2026-04-07,False,https://www.tiktok.com/@thejazmynrenae/video/7626080136877575438,videos/Car/758294likes_3717cmt_7626080136877575438.mp4
7364457353334279457,Factory,how its made factory,Weird and wonderful @The Vinyl Factory splatter vinyl record making at the pressing plant. #thevinylfactory #vinylrecords #vinylmaking #vinylcheck #splattervinyl #pressingplant #180studios ,180 STUDIOS,180studios,757082,11167,180649,15806049,65984,10,2024-05-02,False,https://www.tiktok.com/@180studios/video/7364457353334279457,videos/Factory/757082likes_11167cmt_7364457353334279457.mp4
7389458855249431839,Home,viral bedding tiktok,the big one under the sheet is food btw personally i do not poop the bed #𝓯𝓻𝓮𝓪𝓴𝔂 ,bella,ipegryuk,745638,2273,67123,4290991,28884,8,2024-07-09,False,https://www.tiktok.com/@ipegryuk/video/7389458855249431839,videos/Home/745638likes_2273cmt_7389458855249431839.mp4
7295800081331080490,Factory,inside the factory tiktok,Modern Chicken Meat Processing Factory | Chicken Factory #modern #chicken #meat #processing #factory #food #asmr #trending ,wondastic tech,wondastic.tech,731774,7894,12828,14032745,63699,119,2023-10-30,False,https://www.tiktok.com/@wondastic.tech/video/7295800081331080490,videos/Factory/731774likes_7894cmt_7295800081331080490.mp4
7645145109129973000,Cleaning,viral cleaning products tiktok,"🪥 Comment BRUSH if you’re ready to upgrade your teeth cleaning routine! 🔗 LINK IN BIO TO ORDER Buy Now👉 Yoursmilesecret.com  This electric U-shaped toothbrush helps clean all around your teeth in just 30 seconds, making your routine easier, faster, and more consistent. TikTok Shop, dentist, purple teeth whitening strips, oralcare, miswack  Tiktokmademebuyit, automatic toothbrush, teeth cleaning, fresh breath, plaque removal, smile makeover, Veneers",YourSmileSecret,borzah2,721644,7666,96213,35267474,58637,12,2026-05-29,False,https://www.tiktok.com/@borzah2/video/7645145109129973000,videos/Cleaning/721644likes_7666cmt_7645145109129973000.mp4
7645411726107610381,Misc,dupes viral tiktok,The way this isn’t even a fraction of it. #freesamplestiktokshop #freesample #tiktokshopaffiliate ,madison.tts,madison.tts,714160,28676,5657,6863492,37426,6,2026-05-29,True,https://www.tiktok.com/@madison.tts/video/7645411726107610381,videos/Misc/714160likes_28676cmt_7645411726107610381.mp4
7295567526585437483,Factory,toy factory viral,#foryou #fyp #toy ,WinBar toy store,robertjohndowneyjr3,710825,4513,39561,12806781,41402,13,2023-10-30,False,https://www.tiktok.com/@robertjohndowneyjr3/video/7295567526585437483,videos/Factory/710825likes_4513cmt_7295567526585437483.mp4
7516618261270695210,Factory,production line satisfying,Factories 🏭#asmr #satisfying #fyp ,Perfected Clips,perfectedclips,702528,2373,16065,22839076,38735,61,2025-06-16,False,https://www.tiktok.com/@perfectedclips/video/7516618261270695210,videos/Factory/702528likes_2373cmt_7516618261270695210.mp4
7639268826365840671,Home,viral home gadgets,Tap in lock out#TikTokshopLabordaysale#NovaTopFinds#HomeSecurity#smartdoorknob#tiktokshopspringGlowup,Taylor baby,duym1af4693,696893,7199,72715,45922884,126459,51,2026-05-14,True,https://www.tiktok.com/@duym1af4693/video/7639268826365840671,videos/Home/696893likes_7199cmt_7639268826365840671.mp4
7640236723691375903,Fitness,viral workout products,"Full Body Dumbbell Workout  Highly requested 🤍 so here’s a dumbbell version of the full body plate workout I posted recently that you guys tried and loved. Simple, effective, and it burns 🔥 We’re using 15 lb dumbbells, but choose a weight that challenges you while still letting you keep good form. Workout: • Alternating Single-Arm DB Squat x10 • Double DB Ground-to-Overhead x10 • Halo Squat x10 • Alternating Knee Drive Squat x10 Complete 3 rounds 🔥 Save it & give it a try 💪🏼 #nogymnoproblem #homeworkout #fullbodyworkout #workoutathome #dumbbellworkout ",Mariela Tijerina,marielaxfit,696753,2248,103765,19876503,482148,30,2026-05-15,False,https://www.tiktok.com/@marielaxfit/video/7640236723691375903,videos/Fitness/696753likes_2248cmt_7640236723691375903.mp4
7390082076155907370,Pets,pet must haves,Number 1 is a MUST have 🙌🏼😅#justicebuys #amazonfinds #amazon #pets #dogs #dog #petproducts #dogsoftiktok #dogmom #dogtok #PetsOfTikTok ,Justice Buys,justicebuys,693056,2239,47830,8935567,104357,62,2024-07-10,False,https://www.tiktok.com/@justicebuys/video/7390082076155907370,videos/Pets/693056likes_2239cmt_7390082076155907370.mp4
7641705592448453902,Jewelry,viral jewelry finds,a dream cabinet fr ✨ #jewelryjar #jewelrygirl #fyp #jewelrytiktok #jewelrylover ,raquel,raquellnelsonn,679604,2887,37414,2373552,31028,11,2026-05-19,True,https://www.tiktok.com/@raquellnelsonn/video/7641705592448453902,videos/Jewelry/679604likes_2887cmt_7641705592448453902.mp4
7345162057332821281,Electronics,viral projector tiktok,was it worth it? 🫢 #projector #miniprojector #tiktokmademebuyit #tv  ,🚀 Link in Bio 🚀,provision_projectors,678792,15925,53543,23252485,151735,13,2024-03-11,False,https://www.tiktok.com/@provision_projectors/video/7345162057332821281,videos/Electronics/678792likes_15925cmt_7345162057332821281.mp4
7621699663359511821,Home,home organization must have,"These simple home tips will help you save space, stay organized, and level up your everyday living instantly 🙌 #hometips #spacesaving #apartmentliving #organization  ",Liz & Jeff,dailyoriginalvids,671436,5312,175949,12450862,299946,94,2026-03-26,False,https://www.tiktok.com/@dailyoriginalvids/video/7621699663359511821,videos/Home/671436likes_5312cmt_7621699663359511821.mp4
7154050886875073798,Fashion,tiktok shop fashion haul,IF ITS NOT LINKED BELOW CHECK MY PROFILE TIKTOK SHOP  #tiktokshop #tiktokclothing #tiktokgilet #viralgilet #haul #gifted #y2k #cargos #awoutfits #winterfashion #autumnoutfits #clothinghaul #autumnfashion #petite ,Chyna Solder,chynasolder,664849,2732,1804,5355233,91025,140,2022-10-13,False,https://www.tiktok.com/@chynasolder/video/7154050886875073798,videos/Fashion/664849likes_2732cmt_7154050886875073798.mp4
7574371153096084791,Factory,manufacturing process viral,Massive Marine Propeller Shaft Forging Process #process #processvideo #making #manufacturing #production #massproduction #factory #factorywork #viral #fyp #foryoupage #trending,All Process of World,apowofficial,664736,4718,17125,26386960,44887,371,2025-11-19,False,https://www.tiktok.com/@apowofficial/video/7574371153096084791,videos/Factory/664736likes_4718cmt_7574371153096084791.mp4
7639839234714553614,Beauty,viral lip products,a transfer-proof lipgloss that may actually be transfer proofed?!! 🤯😳🤔 @KIKO Milano @KIKO Milano USA VC: @Kripa Patel Joshi ,Demi,demingai,664490,2655,44265,12471794,97150,170,2026-05-14,False,https://www.tiktok.com/@demingai/video/7639839234714553614,videos/Beauty/664490likes_2655cmt_7639839234714553614.mp4
7384992395194010926,Home,viral kitchen organization,Lets break the internet again! There is a hidden undercabinet drawer in my mom’s kitchen. Any ideas on what it’s used for? #steffanylux #tiktok #tiktokviral #breakingtheinternet #kitchen #kitchengadgets #kitchenorganizer #whatisthis ,Steffany Lux,steffanylux,661692,55210,4505,14243855,21933,47,2024-06-27,False,https://www.tiktok.com/@steffanylux/video/7384992395194010926,videos/Home/661692likes_55210cmt_7384992395194010926.mp4
7609331427015920918,Toys_Gifts,unique gifts viral tiktok,Best gift frfr🎂🥱#toilet#funny#bday#giftidea #skibidi @agus ,𝕯𝖆𝖓🂱,tiktok._.sh1ts,658754,5109,131703,4838036,111927,11,2026-02-21,False,https://www.tiktok.com/@tiktok._.sh1ts/video/7609331427015920918,videos/Toys_Gifts/658754likes_5109cmt_7609331427015920918.mp4
7643100597125778718,Car,viral car accessories tiktok shop,"Need a midday rest😴 Updated stock: portable Tesla mattresses, electric & manual car sunshades  Reach out for inquiries & orders #TeslaAccessories #CarMattress #CarSunshade #autoparts #caraccessories ",AegisWarn,aegiswarn,658620,3747,23245,10939554,31342,24,2026-05-23,False,https://www.tiktok.com/@aegiswarn/video/7643100597125778718,videos/Car/658620likes_3747cmt_7643100597125778718.mp4
7641315692146396429,Fashion,viral leggings,I count on these because they are so comfy  #tiktokshopcreatorpicks #dealforyoudays #tiktokshopmemorialdays #halara #halarashorts ,Adrienne ✨🛒,prettypickedd,646243,3091,103189,12488638,112018,49,2026-05-18,False,https://www.tiktok.com/@prettypickedd/video/7641315692146396429,videos/Fashion/646243likes_3091cmt_7641315692146396429.mp4
7647462168018849038,Hair,viral nail products tiktok,This elegant gold charm nail transformation is pure perfection 👀 #NailTransformation #FrenchNails #AlmondNails #PressOnNails #NailInspo  @Xianxingbeauty shop ,ShangMeng Style,shangmengstyle,644965,3768,135020,5236325,37480,9,2026-06-04,False,https://www.tiktok.com/@shangmengstyle/video/7647462168018849038,videos/Hair/644965likes_3768cmt_7647462168018849038.mp4
7644966458790890766,Factory,food factory process,Are Crab Sticks Really Made From Crab? #crab #facts #korean #serect ,Oh No ↓,foodworld.ram,642944,8259,185527,21438925,50549,82,2026-05-28,False,https://www.tiktok.com/@foodworld.ram/video/7644966458790890766,videos/Factory/642944likes_8259cmt_7644966458790890766.mp4
7617239926165359903,Factory,food factory process,How Fresh Avocados Become Cooking Oil 🥑 | Full Factory Process,Lume,lume.official1,639554,6061,40312,26467408,60976,196,2026-03-14,False,https://www.tiktok.com/@lume.official1/video/7617239926165359903,videos/Factory/639554likes_6061cmt_7617239926165359903.mp4
7643378721012894997,Fashion,viral jeans tiktok,"буткаты в наличии! адрес: г. Екатеринбург ул. Попова 6, 6 этаж (видео как пройти закреплено в тг: object3ekb) работаем с 13:00 до 20:00 каждый день идея: @veyroze md: @nadya  #bootcutjeans #fashiontiktok #кудасходитьекб #darkfeminine   #outfitinspo",OBJECT3,object3.store,639397,2040,21074,4916081,62515,10,2026-05-24,True,https://www.tiktok.com/@object3.store/video/7643378721012894997,videos/Fashion/639397likes_2040cmt_7643378721012894997.mp4
7197459901793291563,Baby,viral stroller,"$1,200 for a stroller isn’t cheap but is this one worth it?? 🤔🤷🏽‍♂️ #nuna #stroller #dadsoftiktok #babytok #foryoupage #foryou ",Forrest Jones,forrestsautoreviews,631784,2672,44981,4261129,31271,60,2023-02-07,False,https://www.tiktok.com/@forrestsautoreviews/video/7197459901793291563,videos/Baby/631784likes_2672cmt_7197459901793291563.mp4
7335157888081513770,Electronics,amazon tech finds,This $800 PC off of Amazon might actually be a steal 😭  #Tech #pc #budgetpc #amazonpc #amazonfinds #amazonmusthaves #techreview #review #techtok #technology #techtoktips #GamingSetup #gamingpc #pcsetup #custompc #pcgiveaway #prebuiltpc #tussalty ,Tussalty,tussalty,629792,6577,11397,9441222,91473,41,2024-02-13,False,https://www.tiktok.com/@tussalty/video/7335157888081513770,videos/Electronics/629792likes_6577cmt_7335157888081513770.mp4
7259729031774358789,Home,viral lamp tiktok,Crystal Ball Lamp #crystalball #crystalballlamp #balllamp #3dnightlamp #3dnightlampcrystallamp #nighlight #lamp #nightlamp #tiktokfind #tiktokbudol #tiktokpremium #affordable #tiktoktrending #fypspotted ,G Mae Online Shop,justmae_1014,628303,2134,21387,8333718,55976,15,2023-07-25,False,https://www.tiktok.com/@justmae_1014/video/7259729031774358789,videos/Home/628303likes_2134cmt_7259729031774358789.mp4
7388063379522325765,Factory,factory machines viral,"There is no product,because it is cheap,and to make reputation in the market,really adhere to the latter,must be the quality and service. #steel#metal#siding#manufacting#manufacture#sheetmetal#machinery#machine#machines#howitsmade#coldrolled#metalwork#metalworking #machineshop#steelsiding#punching#industry#iron#welding#punch#punchingmachine#tikant",Tikant Machines Factory,tikant.machines.fa,627628,23338,349948,7498426,69269,14,2024-07-05,False,https://www.tiktok.com/@tikant.machines.fa/video/7388063379522325765,videos/Factory/627628likes_23338cmt_7388063379522325765.mp4
7268727221676772650,Home,viral kitchen organization,"👇object permanence and the fridge👇 soooo you bought so many fresh fruits and vegetables with the best healthy intentions and then totally forgot they existed because they were stuffed in the drawers 🫠  I forget which creator I saw using this fridge organization hack to help ADHD brains remember what you have in there, but it’s been a GAME CHANGER!! Basically, if we can’t see the thing, it might as well be in another dimension. But with all the fruits/veggies in the door or right at the front, we’re more likely to use them 👏 have you guys tried this?? I’ll try to share more handy tips for kitchen stuff when I can! #fridgeorganization #adhd #adhdwomen #organized #neurodiversity #productivity #adhdproblems",kristentheperson,kristentheperson,626179,5364,111171,3355983,82633,41,2023-08-18,False,https://www.tiktok.com/@kristentheperson/video/7268727221676772650,videos/Home/626179likes_5364cmt_7268727221676772650.mp4
7627650748972600589,Cleaning,viral cleaning products tiktok,70 lbs down 💪🏾✨ & making some changes to get me and my family to our goals! Clean and restock w/ me! #CostcoHaul #Restock #Asmr #CleanTok #CleanHome,Niki’s Side Of Cleantok,operation_niki,621304,9299,39906,9968846,37191,148,2026-04-11,False,https://www.tiktok.com/@operation_niki/video/7627650748972600589,videos/Cleaning/621304likes_9299cmt_7627650748972600589.mp4
7644911445305560333,Home,viral home gadgets,#straighthair #musthave #fyp #tiktokshop #tiktokshopmademebuyit ,Rommm,rommm5949,619043,8261,153426,26832070,78261,15,2026-05-28,False,https://www.tiktok.com/@rommm5949/video/7644911445305560333,videos/Home/619043likes_8261cmt_7644911445305560333.mp4
7241744295382863146,Outdoor,viral pool finds,Above Ground Pool Setup #abovegroundpool #amazonfind #summertime #fyp #poolsetup #pooltime ,Samantha Mullino,samanthamullino,617416,5377,42887,15742884,42977,136,2023-06-07,False,https://www.tiktok.com/@samanthamullino/video/7241744295382863146,videos/Outdoor/617416likes_5377cmt_7241744295382863146.mp4
7647922930218913056,Baby,baby toys viral tiktok,Tiki Tiki ..#baby #needoh #trend #fyp #squishy ,Chanel ⋆.˚,versace.120,615387,3029,204038,5393496,31796,10,2026-06-05,True,https://www.tiktok.com/@versace.120/video/7647922930218913056,videos/Baby/615387likes_3029cmt_7647922930218913056.mp4
7635651831997140232,Health,viral health products,"Eat your vitamin C 🍊✨ 3 oranges + 1 lemon (fresh juice) ginger root + turmeric root 300 ml warm water ~3 tsp fish gelatin Honey or your fav sweetener  Dissolve gelatin in warm water, then mix with fresh juice, ginger, turmeric + a bit of honey. Pour into molds and refrigerate for 2~ hours. Rich in vitamin C to support collagen + skin glow from inside out 🫧 #vitaminc #skinfood #glowingskin #beautyfromwithin",Anton Closmain,a.closmain,615261,2312,43957,7335063,190255,13,2026-05-03,False,https://www.tiktok.com/@a.closmain/video/7635651831997140232,videos/Health/615261likes_2312cmt_7635651831997140232.mp4
7642790124333305119,Fashion,viral swimsuit tiktok,#fyp #bikini ,leah🌺,leahgwenn,611539,3141,143596,5501639,111810,16,2026-05-22,True,https://www.tiktok.com/@leahgwenn/video/7642790124333305119,videos/Fashion/611539likes_3141cmt_7642790124333305119.mp4
7466090288797469998,Home,viral bedding tiktok,Making the bed ,Rara,amazonianrara_,611505,7477,317980,6931423,128635,65,2025-01-31,False,https://www.tiktok.com/@amazonianrara_/video/7466090288797469998,videos/Home/611505likes_7477cmt_7466090288797469998.mp4
7621030505592458510,Fashion,viral pajamas,#OOTD #youngho #blowthisup #trendingtiktok ,r,ruubypao,604633,3316,55618,4274599,83927,5,2026-03-25,False,https://www.tiktok.com/@ruubypao/video/7621030505592458510,videos/Fashion/604633likes_3316cmt_7621030505592458510.mp4
7598589410564705550,Fashion,viral leggings,I’ve been wearing these everyday  #tiktokshopcreatorpicks #TiktokShopJumpstartSale #bbljeans #onesojeans #stretchyjeans ,Adrienne ✨🛒,prettypickedd,604140,2666,28747,46999810,98829,39,2026-01-23,True,https://www.tiktok.com/@prettypickedd/video/7598589410564705550,videos/Fashion/604140likes_2666cmt_7598589410564705550.mp4
7625477675418782989,Cleaning,viral cleaning products tiktok,🫧✨🧼🧹 #fyp #cleaning #viraltiktok #CleanTok #housekeeping ,CasaCleaning By Carrillo LLC,casacleaningcarrillo,603622,4235,43595,5859531,321103,67,2026-04-06,False,https://www.tiktok.com/@casacleaningcarrillo/video/7625477675418782989,videos/Cleaning/603622likes_4235cmt_7625477675418782989.mp4
7649628947235343629,Outdoor,viral pool finds,Nahhh this pool is too big 😭 (aalbertsonn/IG) #pool #apartment #tough #aura #how ,House of Highlights,houseofhighlights,602847,4245,40524,6795746,20715,9,2026-06-10,False,https://www.tiktok.com/@houseofhighlights/video/7649628947235343629,videos/Outdoor/602847likes_4245cmt_7649628947235343629.mp4
7646066645588331796,Beauty,viral mascara,Do people not wear their natural hair for weddings anymore?@Haus Labs @YANY Beauty ,Kaylin Moss IG: justchillkay,justchillkaylin,602580,15368,87088,8009693,24482,19,2026-05-31,False,https://www.tiktok.com/@justchillkaylin/video/7646066645588331796,videos/Beauty/602580likes_15368cmt_7646066645588331796.mp4
7415646451142888746,Factory,how its made factory,This is how crocs made in small factories #how #crocs #made #factory #making #complete #Process #fyp #foryoupage #foryou #fyp ,LEARN TV,avtcartoon,601876,2430,19758,19426640,35530,180,2024-09-17,False,https://www.tiktok.com/@avtcartoon/video/7415646451142888746,videos/Factory/601876likes_2430cmt_7415646451142888746.mp4
7339992443388955950,Home,viral kitchen organization,Space saving 🤝 Kitchen Organization. I’m so happy how it turned out 🤍✨! #kitchenorganization #kitchenorganizing #kitchenorganizer #organizewithme #organizationideas #organizationtips #kitchencabinet #kitchencabinets #stanley #stanleytumbler #homeorganization #homeorganizing ,Julianna Claire,julianna_claire,600765,2265,39672,8641552,148403,36,2024-02-26,False,https://www.tiktok.com/@julianna_claire/video/7339992443388955950,videos/Home/600765likes_2265cmt_7339992443388955950.mp4
7431085016182050055,Fitness,viral water bottle,,Majimero,majimero.1217,594890,7436,12146,32594531,69334,60,2024-10-29,False,https://www.tiktok.com/@majimero.1217/video/7431085016182050055,videos/Fitness/594890likes_7436cmt_7431085016182050055.mp4
7320321102318669098,Factory,how its made factory,watch till the end⚠️ #wow #howitsmade ,trendygabriel,trendygabriel,591576,4059,4540,7565655,69289,329,2024-01-04,False,https://www.tiktok.com/@trendygabriel/video/7320321102318669098,videos/Factory/591576likes_4059cmt_7320321102318669098.mp4
7644300620849007905,Fashion,viral jeans tiktok,How to handle skinny Jeans #bootcutjeans #bootcut #outfit #veyroze #fashioninspo ,veyroze,veyroze,591090,2067,26582,6360969,36343,10,2026-05-26,True,https://www.tiktok.com/@veyroze/video/7644300620849007905,videos/Fashion/591090likes_2067cmt_7644300620849007905.mp4
7341887602754161951,Home,viral lamp tiktok,Game Changer 😍  #relaxing #light #TikTokMadeMeBuyIt #lamp ,Midnight Aura Lamp ✨🌅,midnightaura,590169,3759,55308,11044654,127161,32,2024-03-02,False,https://www.tiktok.com/@midnightaura/video/7341887602754161951,videos/Home/590169likes_3759cmt_7341887602754161951.mp4
7646830230409170209,Hair,viral wig tiktok,@dylanswigcloset kinky curls custom cut wig install 🖤 #wigtutorial #menwig #curls #wigtransformation ad,Dylan Hasselbaink,dylanbaink,584674,5397,60134,9915633,31256,32,2026-06-02,False,https://www.tiktok.com/@dylanbaink/video/7646830230409170209,videos/Hair/584674likes_5397cmt_7646830230409170209.mp4
7637679228238040351,Beauty,korean skincare viral,Do this for acne! #kbeauty #koreanskincare #clovewater #ricetoner ,Hudson Son,hudsonsqrd,576046,2495,102235,12193661,340444,32,2026-05-09,False,https://www.tiktok.com/@hudsonsqrd/video/7637679228238040351,videos/Beauty/576046likes_2495cmt_7637679228238040351.mp4
7645910762682076430,Home,home organization must have,I am unmedicated & without a diagnosis (by choice) but I’ve learned so many behavioral practices to help with my brain 💙🙏 #adhd #househacks #cleaningtips #organization ,The Sober Scoop,thesoberscoop,575212,5188,29721,4338418,91926,84,2026-05-31,False,https://www.tiktok.com/@thesoberscoop/video/7645910762682076430,videos/Home/575212likes_5188cmt_7645910762682076430.mp4
7505837025275415854,Baby,viral stroller,this is @Evenflo Baby is THE BEST STROLLER EVER for first time moms. ngl a dam near $600 stroller that you gotta have a hunchback to roll?😭😭NO plus it makes more sense for my SAHM lifestyle #firsttimemom #sahm #stroller #baby #babyregistry #registry #doona #evenflo #carseat #momlife #momtips #momtok #review  #babytok #teenmom ,Lo B. 🦋,lifeoflob,574173,4056,42914,5914546,101819,18,2025-05-18,False,https://www.tiktok.com/@lifeoflob/video/7505837025275415854,videos/Baby/574173likes_4056cmt_7505837025275415854.mp4
7626794913857850640,Factory,china factory viral,"💪 Factory Resilience: Beauty in the Grit Three years in the foundry, and her spirit is stronger than the iron she works with. ✨ Witness a moment of pure Jiāntí (坚定 / Determination) and Yǒngqì (勇气 / Courage). This is a masterclass in Lìzhì (励志 / Inspiration) as this 28-year-old woman shows us her face after a hard day's shift at the Zhùzàochǎng (铸造厂 / Foundry). She’s a proud ""加油打工人"" (Jiāyóu dǎgōngrén / Hardworking laborer), proving that true beauty has no fear of a little dust and sweat. In Chinese social media, these real stories of perseverance are a reminder that Shúliàn (熟练 / Skillful) hands build our world, and every Jiāyóu (加油 / Go for it!) matters. Look at that smile... it isn't just relief; it’s a testament to the strength and grace that can bloom in any environment.  Original creator: @Douyin Creator #wonderfulchina #strongwomen #inspiration #hardwork #resilience #factorylife #everydayheroes",Wonderful China,wonderfulchina,569343,8998,10864,16631596,26876,15,2026-04-09,False,https://www.tiktok.com/@wonderfulchina/video/7626794913857850640,videos/Factory/569343likes_8998cmt_7626794913857850640.mp4
7633861194100575518,Hair,hair mask viral tiktok,Look #ecolchipro #ecolchi #ecolchiprohairmask #ecolchihairmask #ecolchicollagen #ecolchiprocollagen #ecolchiprohairoil #ecolchihairoil #smoothhair #shinyhair #haircare #hairtok #hairmask #hairoil #hair #keratin #hairstyle #viralvideo #fyp #silkyhair #damagedhair #dryhair #HairCareTips #hairproducts #ecolchiprocollagensheabutter ,EcolchiPro,ecolchi_,561368,9402,13250,39686447,23886,21,2026-04-28,False,https://www.tiktok.com/@ecolchi_/video/7633861194100575518,videos/Hair/561368likes_9402cmt_7633861194100575518.mp4
7641319630002490646,Toys_Gifts,viral toys tiktok shop,"This might be the funniest little toy I’ve found on TikTok Shop 😭🍌 The reactions, the music and the stretchy interactive design had us all crying laughing 😂 Perfect for kids, siblings, parties or just annoying your family for fun 🤣 Such a random but hilarious gift idea and honestly way more entertaining than I expected 👀✨ #tiktokshopfinds #funnytoy #sensorytoy #giftideas #parenttok ",Dan and Hannah,family1st.tiktok,558737,2798,66405,11503369,51659,26,2026-05-18,False,https://www.tiktok.com/@family1st.tiktok/video/7641319630002490646,videos/Toys_Gifts/558737likes_2798cmt_7641319630002490646.mp4
7631168259366194454,Factory,manufacturing process viral,#manufacturing #assemblyline #madeinusa #factoryprocess ,𝙁𝘼𝘾𝙏𝙍𝙊 𝙇𝘼𝘽,factrolab,544742,5253,38240,25578967,58139,164,2026-04-21,False,https://www.tiktok.com/@factrolab/video/7631168259366194454,videos/Factory/544742likes_5253cmt_7631168259366194454.mp4
7603054919402196255,Home,viral bedding tiktok,which bed are you picking? #bed #asmr #aiasmr #oddlysatisfyingvideo #relaxing ,Skittlez,skittlez.ai,542855,8886,52266,27219718,38204,62,2026-02-04,False,https://www.tiktok.com/@skittlez.ai/video/7603054919402196255,videos/Home/542855likes_8886cmt_7603054919402196255.mp4
7241069509052747054,Factory,how its made factory,How are instant noodles are made?#popularscience #process #fyp #HowTo #made #food ,litaartificialgrass,litaartificialgrass,536488,8735,218664,15696342,68070,100,2023-06-05,False,https://www.tiktok.com/@litaartificialgrass/video/7241069509052747054,videos/Factory/536488likes_8735cmt_7241069509052747054.mp4
7361804836851010821,Beauty,tiktokmademebuyit makeup,Bedazzled Straightener💖 #portablestraightner #fyp #hairstraightener #tiktokmademebuyit #hairproducts #beautyneeds #straightener ,LINK IN BIO,iverabeautyy,525938,4255,58375,8096834,55210,7,2024-04-25,False,https://www.tiktok.com/@iverabeautyy/video/7361804836851010821,videos/Beauty/525938likes_4255cmt_7361804836851010821.mp4
7597132080622931222,Electronics,viral led lights,"I upgraded my TV setup with lights that sync 🔥 💡  @Philips Hue sent me some goodies to level up my TV setup 💪🏼  I’ve got links on my gear page to everything that’s used in this video however I’ll list it down below 👇🏼  - Philips Hue play gradient light strip (75”) - Philips hue 8k sync box  - Philips hue play wall washers - Philips hue play lightbar  Very happy with how it turned out, got creative with placement so it works with the 100” 🔥 💪🏼  #TVsetup #PhilipsHue #HomeCinema #Ps5Pro",DeveloperAdam,thedeveloperadam_,525635,2329,72901,8867515,96393,83,2026-01-19,False,https://www.tiktok.com/@thedeveloperadam_/video/7597132080622931222,videos/Electronics/525635likes_2329cmt_7597132080622931222.mp4
7605632776955530504,Beauty,tiktokmademebuyit makeup,perfect #fyp #beauty #haircare #asmr #tiktokmademebuyit,Beauty Product Reviewer,beauty.product.re3,525017,3560,19039,24629594,36171,95,2026-02-11,False,https://www.tiktok.com/@beauty.product.re3/video/7605632776955530504,videos/Beauty/525017likes_3560cmt_7605632776955530504.mp4
7637692155716177166,Outdoor,viral pool finds,"Customer needed this pool swim ready in 24 hours… so we got to work. 🤝 Heavy algae cleanup, vacuuming, brushing, chemical treatment, and nonstop filtration later — the transformation speaks for itself. Most people don’t realize how fast a pool can turn green… or how much work it takes to bring it back. Wait for the final result 👀 #pooltok #greentoclean #poolcleaning #poolservice #satisfying",PoolGuyCarter,poolguycarter,523648,2961,8465,10181831,12667,144,2026-05-09,False,https://www.tiktok.com/@poolguycarter/video/7637692155716177166,videos/Outdoor/523648likes_2961cmt_7637692155716177166.mp4
7600424066142571831,Fitness,viral pilates equipment,Results are in! 🔥 Do you see a difference?? Do you think it’s worth it? I doooo 🤭 still have more work to do especially on the love handles but I’m planning to stay consistent all year. This was a great push start into my fitness journey 🤌🏽 Thank you @IZZY SAMUEL 🤭 Ps. I was out of breath in the second clip because I literally just finished the workout 🥲 #pilatesbyizzy #pilatestransformation #25daypilateschallenge #beforeandafter #pilatesbyizzyresults ,Rifa C,_rifac,517553,2513,61019,6853188,137709,10,2026-01-28,False,https://www.tiktok.com/@_rifac/video/7600424066142571831,videos/Fitness/517553likes_2513cmt_7600424066142571831.mp4
7578923509951352086,Home,viral bedding tiktok,Chilltok is back.... S4 E4 . #interiordesign #bedroom #lockdown #pandemic #chilltok #aestheticvideos #dreamcore #aesthetic #architecture #lockdownlife #nostalgia #2020 #vibes #homedecor #chill #relaxing #fypviral #fyp #fypppppppppppppp #primelife #whichbedareyounappinginthehardest #archidream #tomandjerry #viralvideos,☁️LetGoVisuals☁️,letgovisuals,515929,23529,68703,4037543,71709,30,2025-12-01,False,https://www.tiktok.com/@letgovisuals/video/7578923509951352086,videos/Home/515929likes_23529cmt_7578923509951352086.mp4
7645328725827177750,Factory,food factory process,What is actually in our food? #FoodTok #processedfood #edit #unhealthyfood #fyp ,TTNE,ttneditz,515086,2918,67103,3501159,38743,20,2026-05-29,True,https://www.tiktok.com/@ttneditz/video/7645328725827177750,videos/Factory/515086likes_2918cmt_7645328725827177750.mp4
7587475616031640863,Home,viral bedding tiktok,which bed are you picking? share this with your friends! #bed #asmr #aiasmr #oddlysatisfyingvideo #relaxing,Skittlez,skittlez.ai,514958,11981,160024,28732445,25873,62,2025-12-24,False,https://www.tiktok.com/@skittlez.ai/video/7587475616031640863,videos/Home/514958likes_11981cmt_7587475616031640863.mp4
7628487589758045454,Baby,baby toys viral tiktok,this cactus toy really got babies questioning life 😭🌵 #fyp #funnybaby #babyreaction #cactustoy #viralvideo,Eh,ehfea,513849,2558,79535,6532965,27195,122,2026-04-14,False,https://www.tiktok.com/@ehfea/video/7628487589758045454,videos/Baby/513849likes_2558cmt_7628487589758045454.mp4
7637854593241648406,Outdoor,viral pool finds,She wanted to pay less for her pool… and got terrible results.  #PoolCleaning #PoolService #PoolMaintenance #Satisfying #OddlySatisfying ,𝗣𝗢𝗢𝗟 𝗥𝗘𝗕𝗢𝗥𝗡,poolrezepte,511359,13910,3455,11703072,14922,70,2026-05-09,True,https://www.tiktok.com/@poolrezepte/video/7637854593241648406,videos/Outdoor/511359likes_13910cmt_7637854593241648406.mp4
7643660169766898957,Cleaning,viral cleaning products tiktok,Who else has a velcro dog?! 🐶 🤣 Evening cleaning routine done MY way!  #asmr #cleanwithme #cleaningmotivation #CleanTok #cleanhome,Niki’s Side Of Cleantok,operation_niki,511000,6180,19825,7717330,20982,161,2026-05-25,False,https://www.tiktok.com/@operation_niki/video/7643660169766898957,videos/Cleaning/511000likes_6180cmt_7643660169766898957.mp4
7617071473043213590,Fashion,tiktok shop dress,Dress 1 or 2? HELP!! 😭 #weddingguest #weddingguestdress #yellowdress #sarahzerafa #springwedding ,Sarah Zerafa,sosazerafa,504904,2075,32950,6030157,80465,21,2026-03-14,False,https://www.tiktok.com/@sosazerafa/video/7617071473043213590,videos/Fashion/504904likes_2075cmt_7617071473043213590.mp4
7596254353296542998,Electronics,viral phone accessories,looveeeeeee it 🙏🏼🙈🤍#customising #iphone #stockholm #viral #fyp ,🪽🍨🎧,domiqxaaa,504798,5976,12386,9513508,73914,14,2026-01-17,True,https://www.tiktok.com/@domiqxaaa/video/7596254353296542998,videos/Electronics/504798likes_5976cmt_7596254353296542998.mp4
7644876371465866509,Pets,viral pet products tiktok shop,"Moo Moo Squad, Standing By!🐮🐮#plushies #stuffedanimals #fyq #foryour #tiktokmademebuyit ",Cubforest,cubforest1,504715,2743,119352,5123203,26481,10,2026-05-28,False,https://www.tiktok.com/@cubforest1/video/7644876371465866509,videos/Pets/504715likes_2743cmt_7644876371465866509.mp4
7619801357075123458,Factory,inside the factory tiktok,Inside Mobile Factory & their satisfying Workers. #asmr #factory #factorywork #satisfyingvideos #tiktokusa ,InsideFactory,insidefact0ry,500870,2114,6683,18340270,37226,65,2026-03-21,False,https://www.tiktok.com/@insidefact0ry/video/7619801357075123458,videos/Factory/500870likes_2114cmt_7619801357075123458.mp4
7635422844108786975,Hair,viral nail products tiktok,self care Saturday 💜🍨 everything is linked in my amazon sf. 🫶🏼 #SelfCare #asmr #nailinspo #purple #nails,Katie Davis,katienails2,496747,3318,14760,12743462,30334,79,2026-05-02,False,https://www.tiktok.com/@katienails2/video/7635422844108786975,videos/Hair/496747likes_3318cmt_7635422844108786975.mp4
7645431838030318878,Outdoor,viral camping gear tiktok shop,"If I’m going camping, I’m camping comfy ☺️🏕️☁️ #tentcamping #campingwithkids #tentsetup #camping #campinglife  Ozark Trail 12 Person Glamping Tent camping must have  first time camping  family camping tent ",shannon | camping with kids,shanwicki,489902,2163,47805,4890283,25474,24,2026-05-29,False,https://www.tiktok.com/@shanwicki/video/7645431838030318878,videos/Outdoor/489902likes_2163cmt_7645431838030318878.mp4
7638743704240459038,Baby,viral baby products tiktok shop,Honest review after 1 month of having the 2026 model👆🏼 #productreview #1month #binkiebros #dadandson,Binkie Bros,binkiebross,487444,4161,143478,6508624,18713,56,2026-05-11,False,https://www.tiktok.com/@binkiebross/video/7638743704240459038,videos/Baby/487444likes_4161cmt_7638743704240459038.mp4
7631696743742065950,Food,tiktok shop snacks viral,At least I’ll fail without hunger 🤷🏽‍♀️ #snacks #DIY #school #fyp #haul @Reeses @benandjerrys @M&M'S US @albanesecandy @OREO @Trü Frü ,Kriss&Esme,krissleos,484116,5670,5987,6520323,40323,122,2026-04-22,False,https://www.tiktok.com/@krissleos/video/7631696743742065950,videos/Food/484116likes_5670cmt_7631696743742065950.mp4
7641591413464993026,Food,viral food products,#fyp#viral #newtrend #foodies ,El,elxx222,475467,5064,11023,6738453,12281,9,2026-05-19,True,https://www.tiktok.com/@elxx222/video/7641591413464993026,videos/Food/475467likes_5064cmt_7641591413464993026.mp4
7642703074821295391,Hair,viral wig tiktok,"Me & Stella did my hair 🖤. this Burmese curly half Wig has stolen my heart. It’s so freaking easy to just throw on and go. And we unlocked a new hairstyle with this wig so I don’t know when the next time I’m getting a quick weave. I’m obsessed. The volume giving old money housewife, baby. I’m loving it. 🖤 Hair : @DhairBoutique  #hairtok #fyp #blackgirltiktok #halfwig #flipoverquickweave ",Shara. 🕷️,bysharalaurie,475327,3342,10794,4114731,40451,132,2026-05-22,True,https://www.tiktok.com/@bysharalaurie/video/7642703074821295391,videos/Hair/475327likes_3342cmt_7642703074821295391.mp4
7444971191984491818,Factory,production line satisfying,Factories 🏭#asmr #satisfying #fyp ,Perfected Clips,perfectedclipsz,474198,2414,13197,21972182,24019,62,2024-12-05,False,https://www.tiktok.com/@perfectedclipsz/video/7444971191984491818,videos/Factory/474198likes_2414cmt_7444971191984491818.mp4
7492351432117570847,Factory,china factory viral,China is so big!Goldmine!!99% people don’t know!All about $0.2!#canton fair #FYP #Reels #ForYou #SmallBusiness #sourcing #wholesale #sourcingtips #importfromchina #smallcommodity #madeinchina #dollarstore #factorystock #Factoyr #WinningWithWynn #Sourcing #business #china  #DollarStoreBusiness #YiwuSourcing #Yiwu #factory,Wynn_cho,wynn_cho,471789,14117,39498,4329033,79852,22,2025-04-12,False,https://www.tiktok.com/@wynn_cho/video/7492351432117570847,videos/Factory/471789likes_14117cmt_7492351432117570847.mp4
7643502415320206612,Cleaning,viral cleaning products tiktok,#viralvideo #satisfatório #fypシ゚viral #cleaning #limpeza ,Allyson Sousa,allysonsousaa,469242,3642,10829,7909166,16018,72,2026-05-24,False,https://www.tiktok.com/@allysonsousaa/video/7643502415320206612,videos/Cleaning/469242likes_3642cmt_7643502415320206612.mp4
7571259920092368183,Pets,dog products viral,Use this to groom your dog this weekend. #PetSupplies #DogBathing #NewDogOwner #PetBathingBrush,PetsGoodis,petsgoodis.com,468567,3229,103679,33246926,34988,31,2025-11-11,False,https://www.tiktok.com/@petsgoodis.com/video/7571259920092368183,videos/Pets/468567likes_3229cmt_7571259920092368183.mp4
7581648480276466958,Home,bathroom must haves viral,Treat yourself with a rotating faucet extender this holiday season ladies… #boujeeonabudget #faucetextender #rotatingfaucet #SelfCare #bathroomgadgets ,💋Lo 💋,216loca_,465560,2630,81359,17797484,76698,21,2025-12-09,True,https://www.tiktok.com/@216loca_/video/7581648480276466958,videos/Home/465560likes_2630cmt_7581648480276466958.mp4
7360808263325207851,Home,viral bedding tiktok,Bed rotting tiktok trend is goimg viral #bedrotting #tiktoktrend #generationz #foryou  ,Kai,kai_lanier,463125,5090,4242,6200014,31820,69,2024-04-22,True,https://www.tiktok.com/@kai_lanier/video/7360808263325207851,videos/Home/463125likes_5090cmt_7360808263325207851.mp4
7637929786735611150,Fashion,viral jeans tiktok,Wanna see a magic trick 🤣🤣 all new Jean try on haul on my YouTube out now ,Missbunkbeds,jayythickness,462859,2103,306072,15163346,34365,9,2026-05-09,False,https://www.tiktok.com/@jayythickness/video/7637929786735611150,videos/Fashion/462859likes_2103cmt_7637929786735611150.mp4
7642581575770656014,Factory,food factory process,share this to spread awareness!🔥#motivation #processedfood #food #factory ,Hunter,chromahunt,460582,2722,40405,3152496,36618,21,2026-05-22,False,https://www.tiktok.com/@chromahunt/video/7642581575770656014,videos/Factory/460582likes_2722cmt_7642581575770656014.mp4
7621757430401207565,Home,home organization must have,"If he’s a hoarder, at least he’s the organized kind 🤷🏼‍♀️",theywentsocial,theywentsocial,457392,4130,62283,5226572,32536,41,2026-03-27,False,https://www.tiktok.com/@theywentsocial/video/7621757430401207565,videos/Home/457392likes_4130cmt_7621757430401207565.mp4
7337347700490259755,Pets,pet must haves,"Preparing for the arrival of our puppy, Birdie Blue 🤍. I can’t wait for you to meet her! #puppyessentials #petessentials #petmusthaves #petorganization #petfavorites #organizewithme #homeorganization #homeorganizationtips #petparent #greatpyrenees #greatpyreneespuppy #puppytok #puppylife #puppybowl ",Julianna Claire,julianna_claire,456283,2096,8787,5394721,45139,31,2024-02-19,False,https://www.tiktok.com/@julianna_claire/video/7337347700490259755,videos/Pets/456283likes_2096cmt_7337347700490259755.mp4
7648753090601946398,Kitchen,viral kitchen gadgets,No Temu does not have the same product! #adaptchula #kitchengadgets #KitchenHacks #enterpreneur #eggflip ,BlueBosti,bluebosti,455757,3494,26001,8150110,30210,89,2026-06-07,False,https://www.tiktok.com/@bluebosti/video/7648753090601946398,videos/Kitchen/455757likes_3494cmt_7648753090601946398.mp4
7383301472169020715,Factory,factory process satisfying,Stainless Steel Large Bowl makings Video #satisfying #bowl #steel #stainless #shorts #satisfying #satisfyingvideo #satisfyingvideos #shorts #stainlesssteel #factoryworks #howtomake #amazingprocess #skills #skillshorts #amazingskills #amazingshorts #amazing #art #technique #handmade #production #manufacturing #metalcasting #metalsheet #stainlesssteelgasstove  #stainlesssteel #cookingware #cookware #cookingitem #kitchenitems #metalcrafting #craftideas #craft #satisfying #unitedstates #usa #newyork #tiktok #foryou #viralusa #craft ,X Making Shorts,xmakingshorts,448397,3401,13903,44031753,23806,64,2024-06-22,False,https://www.tiktok.com/@xmakingshorts/video/7383301472169020715,videos/Factory/448397likes_3401cmt_7383301472169020715.mp4
7520979179773431062,Electronics,viral led lights,"It's amazing, this is not a real sky, but a lamp, an artificial skylight lamp, and it can also adjust the color, so beautiful#promomakanliburan #artificialskylight #yuerskylight #skylight #fakewindow #homelight #livingroom #hoteldesigner #hotellighting #ledlighting #ledlamp #ledlight #roofwindow #window #windows #artificialskylightcompany #yuerskyfactory #bedroom #EngineeringLighting #commerciallighting @Yuerskylight US @Yuerskylight Singapore @Yuerskylight UK2 @Yuerskylight Spain @Yuerskylight UAE @yuerskylight VN ",Yuersky,yuerskylight.uk,448220,2200,69197,5526587,85619,19,2025-06-28,False,https://www.tiktok.com/@yuerskylight.uk/video/7520979179773431062,videos/Electronics/448220likes_2200cmt_7520979179773431062.mp4
7627149704236698893,Factory,food factory process,This is How Potato Chips Are Made in India #factory #chips ,Abhishek Ashra,abhishek.ashra,443438,4589,54596,24990332,32256,177,2026-04-10,False,https://www.tiktok.com/@abhishek.ashra/video/7627149704236698893,videos/Factory/443438likes_4589cmt_7627149704236698893.mp4
7388699455064755486,Toys_Gifts,viral toys tiktok shop,Hello Kitty Smart Pink Refrigerator Toy Set Unboxing ASMR Review #unboxing #relaxingvideo #satisfying #minitoys #hellokitty #asmr #reviewtoys #cooltoys #pinky #pinktoys #cookingtoys #sanrio #hellokittykitchenset #hellokittyrefrigerator #toyset #hellokittytoys #hellokittytoyset #hellokittyfood #hellokittyfakefood #toys #toy #japan #toyreview #asmrtoys #asmrsounds #kitchenset #cooking #hellokitty #hellokittyasmr #hellokittystuff #hellokittyrefrigerator #fy #fyp,CoolToys,cooltoysofficial,442258,4330,49281,4872571,61895,249,2024-07-07,False,https://www.tiktok.com/@cooltoysofficial/video/7388699455064755486,videos/Toys_Gifts/442258likes_4330cmt_7388699455064755486.mp4
7525123515352206605,Food,tiktok shop snacks viral,Trying most popular Asian desserts for the first time… #food #eating #mukbang #cake #icecream #mochi #fruit #marshmallow ,Kimlizasmr,kimnlizasmr,440294,2572,10345,7634494,35435,97,2025-07-09,False,https://www.tiktok.com/@kimnlizasmr/video/7525123515352206605,videos/Food/440294likes_2572cmt_7525123515352206605.mp4
7551593643253976351,Fitness,viral water bottle,#husbandsbelike #marriage #fypシ゚viral ,alchemist_angie,alchemist_angie,439158,2094,10100,10782050,10776,21,2025-09-19,False,https://www.tiktok.com/@alchemist_angie/video/7551593643253976351,videos/Fitness/439158likes_2094cmt_7551593643253976351.mp4
7389113151276485930,Home,viral bedding tiktok,KAAAAA-CHOWWWWW ⚡️  #lightingmcqueen #lightning #mcqueenbed #lightingmcqueen ##disneycars##boymom##fypage##viraltiktok##toddler##mcqueen##racecar##disneymovies##paratiiiiiiiiiiiiiiiiiiiiiiiiiiiiiii,Damarie,damarie___,436926,4471,80871,3888273,34002,29,2024-07-08,False,https://www.tiktok.com/@damarie___/video/7389113151276485930,videos/Home/436926likes_4471cmt_7389113151276485930.mp4
7624195406661995789,Food,tiktok shop snacks viral,I need a food hack for the mess this made🥹 #chocolate #pringles #chips #foodhacks #thefoodguy ,The Food Guy,tommywinkler,436372,2634,85967,15578341,37351,48,2026-04-02,False,https://www.tiktok.com/@tommywinkler/video/7624195406661995789,videos/Food/436372likes_2634cmt_7624195406661995789.mp4
7551407023976369463,Factory,production line satisfying,Factories 🏭 #process #factory #fyp #satisfying #asmr ,FactoryZone 🏭✅,factoryzone_official,433201,2016,11748,21645274,24848,63,2025-09-18,False,https://www.tiktok.com/@factoryzone_official/video/7551407023976369463,videos/Factory/433201likes_2016cmt_7551407023976369463.mp4
7639978298054823182,Toys_Gifts,unique gifts viral tiktok,your welcome. #relateable #gifts #giftsforhim #giftguide #based ,kadenjustspams,kadenjustspams,421617,3873,42788,2941652,44412,12,2026-05-15,False,https://www.tiktok.com/@kadenjustspams/video/7639978298054823182,videos/Toys_Gifts/421617likes_3873cmt_7639978298054823182.mp4
7641602789956750610,Health,viral health products,Need to wait for my bleaching mask😭✋🏻 #bodymask #bodycareviral #GlowUp #jejuby #fypシ ,Lula 🌸,thisisalulaa,421593,2234,26082,6466106,67483,19,2026-05-19,False,https://www.tiktok.com/@thisisalulaa/video/7641602789956750610,videos/Health/421593likes_2234cmt_7641602789956750610.mp4
7640179179278830861,Home,home organization must have,Just because it’s a corner pantry… doesn’t mean it needed to stay one 😂 This one tested me… but seeing it finally done makes every stressful moment worth it 🫶🏻 From builder grade corner pantry to old world charm with a whole lot more function. Now onto the kitchen 👀 Links in bio 🫶🏻 #diyproject #cornerpantry #pantryorganization #genx ,Julie,juliecarmonahome,420327,3145,26778,4631803,21595,83,2026-05-15,False,https://www.tiktok.com/@juliecarmonahome/video/7640179179278830861,videos/Home/420327likes_3145cmt_7640179179278830861.mp4
7532322473589755191,Home,viral lamp tiktok,Now I get it 😭🪼 #jellyfish #roomdecor #aesthetic #lamp #tiktokmademebuyit #asmr ,Jellylume,itsjellylume,418059,3027,31725,7476016,59190,13,2025-07-29,False,https://www.tiktok.com/@itsjellylume/video/7532322473589755191,videos/Home/418059likes_3027cmt_7532322473589755191.mp4
7383880188372733214,Home,viral shower head,Under 20 dollars for a filtered high pressure showerhead #fyp #showerhead #filter #showerheadfilter #showerheadscrubber #flashsale #summersale ,Shopdealsforu,crackedtiktokshopdeals,416361,3338,103174,40704674,98662,48,2024-06-24,True,https://www.tiktok.com/@crackedtiktokshopdeals/video/7383880188372733214,videos/Home/416361likes_3338cmt_7383880188372733214.mp4
7621092623155039519,Outdoor,viral pool finds,Going to run it one more time and then add the chlorine and clarifier to get that crystal clear water!! #wellwater #wellwateroutofpool #cheappoolhacks,lirio_keyla,lirio_keyla,415880,2665,6550,7719396,11403,70,2026-03-25,False,https://www.tiktok.com/@lirio_keyla/video/7621092623155039519,videos/Outdoor/415880likes_2665cmt_7621092623155039519.mp4
7595667086504922382,Fashion,viral leggings,@Halara shop #halara #leggings #tiktokshopcreatorpicks #tiktokpartner #spotlightfinds ,Tiffany,tiff_tokz,415415,3800,96172,9545514,51588,28,2026-01-15,True,https://www.tiktok.com/@tiff_tokz/video/7595667086504922382,videos/Fashion/415415likes_3800cmt_7595667086504922382.mp4
7216942693824384299,Electronics,viral led lights,"My boyfriend gave me a very hot online ambient light,the surface looks ordinary,after turning on the light really stunning to me #foryou #fyp #breathtaking #nightlight ",blingbling,cheunhhr4tn,414816,3551,9560,42958926,69449,11,2023-04-01,False,https://www.tiktok.com/@cheunhhr4tn/video/7216942693824384299,videos/Electronics/414816likes_3551cmt_7216942693824384299.mp4
7423235252723944750,Electronics,viral led lights,Replying to @🪫gavin🔋 Sure the LED's have the Felony feature but they make your car look clean #ledlights #ledcarlights #FallDealsForYou #policelights #copcar #carlights #ledlight #carinteriorlights #carmods #cartok #TikTokShop ,Ryan,thedealquarter,413435,4270,26174,24335388,80771,37,2024-10-08,True,https://www.tiktok.com/@thedealquarter/video/7423235252723944750,videos/Electronics/413435likes_4270cmt_7423235252723944750.mp4
7402341474056113438,Electronics,viral projector tiktok,this kinda better not gonna lie 😲🙄#projector #homecinema #portable #backtoschool ,Cosy Projector ✨,mycosyprojector,413260,3777,71204,17732204,92134,16,2024-08-12,True,https://www.tiktok.com/@mycosyprojector/video/7402341474056113438,videos/Electronics/413260likes_3777cmt_7402341474056113438.mp4
7644421832900201758,Hair,viral hair products tiktok shop,hoping this works 🤞🏼@Pantene #hairgrowth #healthyhair #pantenehair ,jeanxelle,jeanxelle,412408,2544,27840,5637437,111426,20,2026-05-27,True,https://www.tiktok.com/@jeanxelle/video/7644421832900201758,videos/Hair/412408likes_2544cmt_7644421832900201758.mp4
7634704003187723534,Beauty,skincare amazon finds,Yo Julian - your skin’s never looked better 😉👊🏾 - big ass @Amazon box of @Papatui coming your way!  Volcanic ash + charcoal is our PapaTui magical elixir! 🌋  Follow Papa DJ’s advice with only using a small dollop and thank you for making PapaTui #1 🥇    Enjoy and keep giving me all your feedback 🫱🏾‍🫲🏼 #papatui  Available on #AMAZON 🛒 ,The Rock,therock,412281,3707,6034,4068200,42503,167,2026-04-30,False,https://www.tiktok.com/@therock/video/7634704003187723534,videos/Beauty/412281likes_3707cmt_7634704003187723534.mp4
7627481270708079903,Electronics,viral led lights,"Your Portable, Foldable LED Display#MileStrong #leddisplayfactory #leddisplayscreen #digitalsignage #uefachampionsleague ",MileStrong,milestrong_leddisplay,411359,3410,24712,23141264,40679,26,2026-04-11,False,https://www.tiktok.com/@milestrong_leddisplay/video/7627481270708079903,videos/Electronics/411359likes_3410cmt_7627481270708079903.mp4
7249027709773417774,Fitness,viral water bottle,#fyp #water #waterbottle #waterrefill #viral #frustration #funnyvideos #funny ,Karl Farmer,karlsawesomeness,407905,11685,7478,22783149,29765,12,2023-06-26,False,https://www.tiktok.com/@karlsawesomeness/video/7249027709773417774,videos/Fitness/407905likes_11685cmt_7249027709773417774.mp4
7641693104344435989,Home,home organization must have,Restock with me as a mum of 2‼️organizing and restocking foodstuff for back to school🥰🥰 so this is how I organize my foodstuffs before putting them inside the fridge but If you know a better way please do well to comment I will appreciate it🥰🥰 #restocking #fridgeorganization #organizedhome #restock #fridgerestock ,Kamsi Kene and mum✨,bbless761,406899,6983,22091,5184201,26476,176,2026-05-19,False,https://www.tiktok.com/@bbless761/video/7641693104344435989,videos/Home/406899likes_6983cmt_7641693104344435989.mp4
7229348316704754970,Electronics,amazon tech finds,Cool gadgets I bought this year! 🤑 #amazonfinds #tiktokmademebuyit #Tech ,Tech Drop,techdropp,401268,2379,8767,8475228,56233,48,2023-05-04,False,https://www.tiktok.com/@techdropp/video/7229348316704754970,videos/Electronics/401268likes_2379cmt_7229348316704754970.mp4
7641068788229754134,Factory,manufacturing process viral,"""Mexico revives ancient tires with modern machines."" 🇲🇽  . . . . . . . . . . #fyp #manufacturing #oldtyreproduction#newtyre #amazingwork ",Factory 🏭,factory.workers7,401162,2350,8457,30220544,28593,84,2026-05-18,False,https://www.tiktok.com/@factory.workers7/video/7641068788229754134,videos/Factory/401162likes_2350cmt_7641068788229754134.mp4
7642195387641498898,Pets,viral pet products tiktok shop,Brushing my cat became so easy 😭 Link in bio bestie 🐈 #catsoftiktok #pettok #petgrooming #catttok #satisfying ,Fur Snatch,fursnatch,399542,2426,59081,16530938,32908,28,2026-05-21,False,https://www.tiktok.com/@fursnatch/video/7642195387641498898,videos/Pets/399542likes_2426cmt_7642195387641498898.mp4
7551839562201304351,Beauty,viral mascara,"Yall, immediately yes!  TikTok is the only place you can get it right now too!  #lorealparispartner #lorealparismascara #mascara #lengtheningmascara ",Saving with Lacey,laceysonlinedeals,399421,5567,29394,61708298,72753,52,2025-09-19,True,https://www.tiktok.com/@laceysonlinedeals/video/7551839562201304351,videos/Beauty/399421likes_5567cmt_7551839562201304351.mp4
7621927843563441422,Home,viral home gadgets,Lentorgi’s extremely useful extendable power strip🔌🤩 #tiktokshopspringglowup #homeimprovements #outletextender #outlet #homemusthaves ,Mondo,tapa_mondo,392247,3708,41284,11768331,66636,33,2026-03-27,True,https://www.tiktok.com/@tapa_mondo/video/7621927843563441422,videos/Home/392247likes_3708cmt_7621927843563441422.mp4
7551261381085908238,Beauty,viral mascara,Is the NEW @loréal paris usa telescopic extensionist mascara Jeffree Star Approved™?! 🤯 #makeupreview #jeffreestar #mascara #lorealparis #BeautyTok,Jeffree Star,jeffreestar,389983,6166,25523,14703081,50270,149,2025-09-18,True,https://www.tiktok.com/@jeffreestar/video/7551261381085908238,videos/Beauty/389983likes_6166cmt_7551261381085908238.mp4
7637602687130930446,Beauty,viral makeup must have,never skip running water on your face under water after a full face ❤️❤️ #makeuphacks #makeup #settingspray #MakeupRoutine #makeuptutorial ,paige marshall,paigemarshall_,388226,2333,39942,15957331,41212,70,2026-05-08,False,https://www.tiktok.com/@paigemarshall_/video/7637602687130930446,videos/Beauty/388226likes_2333cmt_7637602687130930446.mp4
7604190273308003614,Fashion,viral jeans tiktok,Era mejor este fit 😭#starch #starchedjeans #tiktokviral #tiktokmademebuyit ,Jose🦟,jm.07gon,385348,2195,39925,4645806,10894,15,2026-02-07,False,https://www.tiktok.com/@jm.07gon/video/7604190273308003614,videos/Fashion/385348likes_2195cmt_7604190273308003614.mp4
7628049223199608095,Baby,viral baby gadgets,You win some. You lose some. 🤷‍♀️ #boymom #rainyday #fun #kidstoys #wildboys ,✨ Lindsey McKale ✨,lindseymckale,384649,2734,53101,3945696,19639,10,2026-04-13,False,https://www.tiktok.com/@lindseymckale/video/7628049223199608095,videos/Baby/384649likes_2734cmt_7628049223199608095.mp4
7612669778435624212,Hair,hair straightener viral,"So far, my favorite product from @wavytalkofficial  #wavytalk #wavytalkhair #wavytalksteamsesh #curlyhair #hair ",Moki,mokidokidoki,384220,2242,17992,14754578,28865,64,2026-03-03,False,https://www.tiktok.com/@mokidokidoki/video/7612669778435624212,videos/Hair/384220likes_2242cmt_7612669778435624212.mp4
7645192865798180110,Car,car must haves amazon,"cutest decor ever!! // EDIT: tysm for all of the love on my decorations & new car!! i’ve made a folder in my showcase with all of the items from the video that would let me add to my showcase for those asking for links to items in this video!seat covers: website is called natural life! (and for those of you who were concerned about my spare key in my car it’s just temporary as i’m in the middle of a move and would lose it in all of the mess of that, but thank you for your concern!) some items in the video are not listed in my showcase because they are out of stock, as soon as they are in stock i will add them:) #decoratemynewcar #fyp #trending #goviral #newcar ",🌞🦈🍍𓇼 paige lee 𓇼🐒🍌🌺,paiges_purple_pinchers,383807,4600,6602,2414083,28563,187,2026-05-29,False,https://www.tiktok.com/@paiges_purple_pinchers/video/7645192865798180110,videos/Car/383807likes_4600cmt_7645192865798180110.mp4
7608254207732354334,Food,tiktok shop snacks viral,2.2lb Dubai Chocolate Filling Bucket #dubaichocolate #chocolate #foodtiktok #mukbang #fyp ,jaskam_,jaskam_,377461,2157,37607,4612956,31189,93,2026-02-18,False,https://www.tiktok.com/@jaskam_/video/7608254207732354334,videos/Food/377461likes_2157cmt_7608254207732354334.mp4
7635001103435713800,Office,viral desk accessories tiktok shop,How beautiful is this umbrella tea infuser? 🥹 #tealovers #cutefinds #coolfinds #amazonhome #teatime ,Anya,anya.bumag,376092,2618,92112,7605229,63741,8,2026-05-01,True,https://www.tiktok.com/@anya.bumag/video/7635001103435713800,videos/Office/376092likes_2618cmt_7635001103435713800.mp4
7642862578468703502,Car,car must haves amazon,Would you get this? 👀 #car #decal #art #design #detailing (via @𝓒𝓪𝓭𝓮),Overtime,overtime,374628,2797,6591,6764241,16070,18,2026-05-22,False,https://www.tiktok.com/@overtime/video/7642862578468703502,videos/Car/374628likes_2797cmt_7642862578468703502.mp4
7627218430243982606,Food,viral food products,"As someone who cannot stand Pringles, I was fully prepared to roast this viral chocolate cylinder trend… but somehow this thing actually lives up to the hype 🍫🥔 what Pringles flavor do you think would make the best chocolate cylinder? #foodreview #Recipe #viral ",Stefan Johnson,s_johnson_voiceovers,373399,3045,92813,3530427,47835,77,2026-04-10,False,https://www.tiktok.com/@s_johnson_voiceovers/video/7627218430243982606,videos/Food/373399likes_3045cmt_7627218430243982606.mp4
7622311227800259854,Kitchen,viral kitchen gadgets,Brilliant Dollar Tree hack for kitchen organization 😱 #DIY #dollartree #dollartreehacks #viral #dollartreediy,KUBRA | Motherhood,sara.and.ramal,367093,4346,70482,5202412,133927,60,2026-03-28,False,https://www.tiktok.com/@sara.and.ramal/video/7622311227800259854,videos/Kitchen/367093likes_4346cmt_7622311227800259854.mp4
7436982504420085022,Fashion,tiktok shop fashion haul,Most beautiful Jewelry Cabinet Armoire with LED lights! #jewelry #jewelrycabinet #jewelryarmoire #armoire #womensfashion #womensbest #momtok #MomsofTikTok #giftsformom #giftsforwife #giftsforher #xmasgift #songmics #giftideas #TikTokShop #TikTokShopFinds #FallFashion #falldealsforyou #tiktokshopholidayhaul #tiktokshopblackfriday #tiktokshopcybermonday #tiktokshopfallsale #treasurefinds  #spotlightfinds #giftguide #ttsdelight #elevateyourhome ,A Better Way 4 Everything,abetterway4everything,363774,2838,54702,32269448,51634,92,2024-11-14,True,https://www.tiktok.com/@abetterway4everything/video/7436982504420085022,videos/Fashion/363774likes_2838cmt_7436982504420085022.mp4
7635332963592572167,Beauty,tiktok shop skincare viral,"Chill moisturizer hit different on the face, but it’s useless now that it’s frozen #fypシ゚ #skincaretips #skincaretiktok #viraltiktok ",Oyinade_mi🩵🫧,just_hoyin01,360068,8332,42643,4413726,11663,16,2026-05-02,True,https://www.tiktok.com/@just_hoyin01/video/7635332963592572167,videos/Beauty/360068likes_8332cmt_7635332963592572167.mp4
7297746708279119105,Factory,food factory process,Here's a little series we created of how different machines process our foods... 😳 Before too long they'll be eating for us too! 🤯 #fyp #foryou #food #foodporn #machines ,Foodporn,foodporn,358959,2258,6080,20209360,24220,72,2023-11-04,False,https://www.tiktok.com/@foodporn/video/7297746708279119105,videos/Factory/358959likes_2258cmt_7297746708279119105.mp4
7628313777812950302,Baby,viral baby gadgets,It’s time to get kids to put down their phones #bubblemachine #kidstoys #outdoortoys #kidsactivities #momfinds ,anna,user40781126115580,358208,2524,24063,18567172,22143,15,2026-04-13,False,https://www.tiktok.com/@user40781126115580/video/7628313777812950302,videos/Baby/358208likes_2524cmt_7628313777812950302.mp4
7646408054698724630,Factory,food factory process,#realfood #ultraprocessed #🧃 #primal #processedfood ,Rawly,therawlyapp,353871,4505,26853,5167151,18389,10,2026-06-01,False,https://www.tiktok.com/@therawlyapp/video/7646408054698724630,videos/Factory/353871likes_4505cmt_7646408054698724630.mp4
7643238950936644885,Home,viral home gadgets,"You finally found the PERFECT water bottle for every Minecraft fan 😭🟩💧 This Minecraft water bottle is giving childhood nostalgia, gamer vibes, and instant obsession all at once 🎮🔥 Honestly… I’d carry this everywhere 😳✨ TikTok gamers are about to go CRAZY over this 👀 Would you drink more water if you had this?👇😂 SAVE this for your next gamer setup upgrade & TAG a Minecraft lover ASAP ⛏️💯 #Minecraft #MinecraftBottle #GamingSetup #TikTokMadeMeBuyIt #GamerLife #minecraftfanart #GamingAccessories #WaterBottle #GameTok #ViralProducts #GeekCulture #AmazonFinds #GamingTok #MinecraftTok #FYP",isiaka_prime,isiakaprime,351346,4565,41045,6520983,21723,23,2026-05-23,False,https://www.tiktok.com/@isiakaprime/video/7643238950936644885,videos/Home/351346likes_4565cmt_7643238950936644885.mp4
7590370217717452062,Factory,food factory process,Inside India’s Most Unique Salt Industry #salt #factory #process #production #indiafood ,Goalhunter,goalhunter35,350278,5076,47840,7879021,18413,90,2026-01-01,False,https://www.tiktok.com/@goalhunter35/video/7590370217717452062,videos/Factory/350278likes_5076cmt_7590370217717452062.mp4
7285487440851193134,Factory,inside the factory tiktok,When i became a truck driver i couldnt believe this is how the beef factories work #trucker #viral #fyp #cdla #truckdriver #cdl #viraltiktok #trucklife #trucklifestyle #cdllife #cdls #cdldriver #trending #redmeat #beef #cow #food #steak #screammovie #VozDosCriadores ,Puremirr,puremirr,349203,4668,52664,3713435,38522,48,2023-10-02,False,https://www.tiktok.com/@puremirr/video/7285487440851193134,videos/Factory/349203likes_4668cmt_7285487440851193134.mp4
7600600436713852191,Electronics,viral led lights,Outdoor waterproof and drop-proof LED stage rental screen#worldcup #rentalledscreen #LEDrentalledscreen #indoorledscreen #StageScreen #outdoorleddisplay #ledwall #outdoorledscreen #xr #ledscreenfactory #ledvideowall #leddisplayfactory #WaterproofLEDscreen #ledscreen #aresled #leddisplay #leddisplayscreen ,ARESLED Screen Factory,aresledwall,346365,2060,11063,23258984,25917,27,2026-01-29,False,https://www.tiktok.com/@aresledwall/video/7600600436713852191,videos/Electronics/346365likes_2060cmt_7600600436713852191.mp4
7177188015490501931,Beauty,tiktokmademebuyit makeup,Get her one she will love you forever 🤫#heatedeyelashcurler #lashes #tiktokmademebuyit #makeupaddict #theheatcurler #beauty ,Lynda Beauty,lyndalashcurler,344931,2678,20917,8851101,38008,7,2022-12-15,False,https://www.tiktok.com/@lyndalashcurler/video/7177188015490501931,videos/Beauty/344931likes_2678cmt_7177188015490501931.mp4
7617512042743729438,Kitchen,viral kitchen gadgets,professionnal juicer available #bestseller #amazonfinds #juicer #amazonmusthaves #homeappliances ,HOME APPLIANCES,home.appliances513,344533,2491,46856,24309941,45160,30,2026-03-15,False,https://www.tiktok.com/@home.appliances513/video/7617512042743729438,videos/Kitchen/344533likes_2491cmt_7617512042743729438.mp4
7554090742428224798,Electronics,viral projector tiktok,The VIRAL projector where we answer all of your questions! #viral #projector #xmasgift  #xmasgiftideas #teenagers ,Sarah Molnar,happyhealthysarahh,343412,4353,23669,14068004,51275,307,2025-09-25,True,https://www.tiktok.com/@happyhealthysarahh/video/7554090742428224798,videos/Electronics/343412likes_4353cmt_7554090742428224798.mp4
7615215562972499220,Factory,inside the factory tiktok,#engine #caraccessories #motor #used #auto #engineaccessories #newengine #original #factory,Auto parts store. TiNa,auto.parts.store.tina,337467,4719,191368,5296845,25201,36,2026-03-09,False,https://www.tiktok.com/@auto.parts.store.tina/video/7615215562972499220,videos/Factory/337467likes_4719cmt_7615215562972499220.mp4
7643506622593092895,Factory,food factory process,Watch How Your Favorite Noodles Are Made🍜 🙀👀| Inside a US Noodle Factory!  #IndustrialProcess #viral #noodles #noodlesfactory #factoryprocess ,Mass and Methods,mass.and.methods,323658,9041,234732,30579619,51097,76,2026-05-24,False,https://www.tiktok.com/@mass.and.methods/video/7643506622593092895,videos/Factory/323658likes_9041cmt_7643506622593092895.mp4
7647007242125839629,Pets,dog products viral,"I love bath time, and my skin feels great 🐶🛁✨ Fresh, fluffy, and smelling amazing—being a well-groomed pup is the best feeling ever 🤍🐾 #DogBath #CuteDog #PetDaily #LifeWithDogs",PetsGoodis,petsgoodis.com,321631,5019,50763,4969962,21367,85,2026-06-03,False,https://www.tiktok.com/@petsgoodis.com/video/7647007242125839629,videos/Pets/321631likes_5019cmt_7647007242125839629.mp4
7648646902921186590,Factory,factory machines viral,🙀🤯 World's Most Unusual Energy Drink Factory Production  #viral #ai #fyp #trendingprocess #factoryprocess ,Mass and Methods,mass.and.methods,321361,7737,310266,23183015,51430,75,2026-06-07,False,https://www.tiktok.com/@mass.and.methods/video/7648646902921186590,videos/Factory/321361likes_7737cmt_7648646902921186590.mp4
7621269954192543009,Home,viral kitchen organization,KITCHEN FEATURES | Part 1 ✨ #kitchen #kitchendesign #kitchenorganization #organizer,Mo Ve,mo.ve1,321294,2499,59489,5660896,43086,61,2026-03-25,False,https://www.tiktok.com/@mo.ve1/video/7621269954192543009,videos/Home/321294likes_2499cmt_7621269954192543009.mp4
7598706156369939767,Electronics,viral led lights,I’m so happy I bought 2 because I love it!! Omg I didn’t even say the NAMEE it’s the Husky rechargeable LED detachable tripod light ,Arnell.armon,arnellarmon,320491,2117,32510,3122884,65459,66,2026-01-23,False,https://www.tiktok.com/@arnellarmon/video/7598706156369939767,videos/Electronics/320491likes_2117cmt_7598706156369939767.mp4
7612234229434387725,Outdoor,viral garden products,How to create a beautiful garden space and make the best use of discarded materials? Let AI do it for you. #DIY #lifehacks #design #amazing #garden ,bapbapbap,bapbapbap97,316344,2959,163337,10057778,114434,128,2026-03-01,False,https://www.tiktok.com/@bapbapbap97/video/7612234229434387725,videos/Outdoor/316344likes_2959cmt_7612234229434387725.mp4
7643735736197451016,Food,viral food products,My favorite summer desert 🍉🫰🏻 #watermelon #icecream #frozenfruits #asmr ,Anton Closmain,a.closmain,314544,2221,21089,5563935,44827,12,2026-05-25,False,https://www.tiktok.com/@a.closmain/video/7643735736197451016,videos/Food/314544likes_2221cmt_7643735736197451016.mp4
7614871448368188703,Fashion,viral leggings,Are these leggings too long? ,Emilysmith,emilysmith3434,314265,2747,100215,7484435,51482,38,2026-03-08,False,https://www.tiktok.com/@emilysmith3434/video/7614871448368188703,videos/Fashion/314265likes_2747cmt_7614871448368188703.mp4
7628186748610284822,Baby,viral baby gadgets,All-natural bath bombs for children are strangely satisfying #kids #luxury #bathbomb #toy #baby ,ViralClipsX,viralclipsx__,313837,2697,23352,18057975,33499,60,2026-04-13,False,https://www.tiktok.com/@viralclipsx__/video/7628186748610284822,videos/Baby/313837likes_2697cmt_7628186748610284822.mp4
7615795482018729247,Jewelry,viral claw clips,XXXXXXL claw clip 🤣 who needs this??? #thickhair #clawclip #clawcliphairstyles #longhair ,iamnancyjay,iamnancyjay,313768,2390,78751,6222668,19239,24,2026-03-11,False,https://www.tiktok.com/@iamnancyjay/video/7615795482018729247,videos/Jewelry/313768likes_2390cmt_7615795482018729247.mp4
7629048418987478285,Baby,newborn must haves viral,Another realistic night with my newborn 🐄🌙  #lifewithanewborn #postpartum #newbornlife #postpartumjourney #nightwithanewborn  Night routine with a newborn  Postpartum  Postpartum journey 12 days postpartum  Newborn night vlog  Realistic night with a newborn Fourth baby ,mandy_motherhood,mandy_motherhood,311270,4659,24616,4602526,18090,368,2026-04-15,False,https://www.tiktok.com/@mandy_motherhood/video/7629048418987478285,videos/Baby/311270likes_4659cmt_7629048418987478285.mp4
7571538316894407949,Fitness,viral water bottle,Bro they keep getting bigger and bigger #waterbottle #fypシ゚viral #hydrationstation #fy #consumerism ,arianna🩶🎀,ariannitaa_x,308254,3390,5339,2229939,5839,23,2025-11-11,False,https://www.tiktok.com/@ariannitaa_x/video/7571538316894407949,videos/Fitness/308254likes_3390cmt_7571538316894407949.mp4
7366947682398686510,Electronics,cool gadgets viral,Mini portable keyboards#keyboards #Tech #tiktokmakemebuyit #fyp #minikeyboard ,coolgadget.com,coolgadget_official,298857,6752,75756,15361689,78367,9,2024-05-09,False,https://www.tiktok.com/@coolgadget_official/video/7366947682398686510,videos/Electronics/298857likes_6752cmt_7366947682398686510.mp4
7642698822480629005,Baby,viral baby gadgets,"I have to keep this on my feed forever 🤣🩵 My son, I think you’re too big for the chair but I’m so happy you understand the function of this item! Being a BCBA has really opened my eyes and has made me realize how grateful and happy we should be when we see our children accomplish small milestones. The small milestones that may come naturally for your child doesn’t always come naturally for others. #grateful #momlife #babymilestones #toddlerlife #pretendplaytoys",Melissa,melissalopez.sahm,298681,3342,98079,5185591,11787,18,2026-05-22,False,https://www.tiktok.com/@melissalopez.sahm/video/7642698822480629005,videos/Baby/298681likes_3342cmt_7642698822480629005.mp4
7632479554174504223,Pets,dog products viral,"Harley tries dubai chocolate! 🍫  We went back to carob to try out this super viral snack and it did not disappoint. As an added bonus, Harley’s breath is VERY fresh now 😆  #snacktivity #dogenrichment #dogtreats #ckcs #spaniel",harley eats world,thestrollerdog,298101,2614,21902,3521641,24601,121,2026-04-24,False,https://www.tiktok.com/@thestrollerdog/video/7632479554174504223,videos/Pets/298101likes_2614cmt_7632479554174504223.mp4
7642415559090375967,Outdoor,viral pool finds,"DIY swimming pool, A little about our Pool/Pond #fyp #poolpond #pool #poolopening #DIY ",lleet6,lleet6,295202,3178,91014,4985543,59113,62,2026-05-21,False,https://www.tiktok.com/@lleet6/video/7642415559090375967,videos/Outdoor/295202likes_3178cmt_7642415559090375967.mp4
7642387009322962206,Food,tiktok shop snacks viral,Tiny Chocolate Snack #fyp #mukbang #review #mukbangasmr #chocolate ,zach.eatss,zach.eatss,294685,5111,34987,2878153,21393,106,2026-05-21,False,https://www.tiktok.com/@zach.eatss/video/7642387009322962206,videos/Food/294685likes_5111cmt_7642387009322962206.mp4
7635889423233584391,Outdoor,viral pool finds,🏊‍♂️ Forget the concrete pool! This setup takes only 15 mins. #SummerVibes #dropstitch ,kernel_ca_grace,kernel_ca_grace,294149,4360,30735,4886144,41195,29,2026-05-04,False,https://www.tiktok.com/@kernel_ca_grace/video/7635889423233584391,videos/Outdoor/294149likes_4360cmt_7635889423233584391.mp4
7626365085283257631,Baby,baby toys viral tiktok,Kids vs Toys.🤣🤣🤣#baby #babylove #babytiktok #foryou #funny #funnyvideo #viral #fypシ #usa🇺🇸 ,lovepets_001,lovepets_001,292853,9860,16290,23032216,60313,83,2026-04-08,False,https://www.tiktok.com/@lovepets_001/video/7626365085283257631,videos/Baby/292853likes_9860cmt_7626365085283257631.mp4
7611327025113992461,Baby,newborn must haves viral,I love being a girl mom🎀🥹🙏🏽#girlmom #firsttimemom #preemie #preemiebaby #baby ,rebeccaesquivell,rebeccaesquivell,291928,2633,17793,3535668,12078,62,2026-02-26,False,https://www.tiktok.com/@rebeccaesquivell/video/7611327025113992461,videos/Baby/291928likes_2633cmt_7611327025113992461.mp4
7436569867681107230,Electronics,viral projector tiktok,Hands down the coolest thing I’ve bought off Tiktok Shop!! 👏 ⭐️  #smartprojector #projector #projectorscreen #smarttvprojector #smarttv #portable #portableprojector #4kprojector #ledprojector #tiktokshopblackfriday #tiktokshopcybermonday #tv ,m i n d y 💕,mindymama4,286943,11414,144813,31269339,104340,113,2024-11-13,True,https://www.tiktok.com/@mindymama4/video/7436569867681107230,videos/Electronics/286943likes_11414cmt_7436569867681107230.mp4
7594561010086776095,Home,viral bedding tiktok,Luxury quality at luxury prices??? Noooooooooo #pigletinbed #bedding #notspon ,Atypicelle | 📚✍️,atypicelle,286569,3129,11454,2054910,26150,26,2026-01-12,False,https://www.tiktok.com/@atypicelle/video/7594561010086776095,videos/Home/286569likes_3129cmt_7594561010086776095.mp4
7594528879881080077,Fitness,viral water bottle,Do you know? #usa#americans#unitedstates#geography#doyouknow#LearnOnTikTok#viral#trending#fyp#states#cities#dirtiest#bottled#water#brands#theus,True Stories,usamap55,284746,7907,223448,7655692,51100,135,2026-01-12,False,https://www.tiktok.com/@usamap55/video/7594528879881080077,videos/Fitness/284746likes_7907cmt_7594528879881080077.mp4
7639358375230278926,Factory,production line satisfying,#asmr  #satisfying  #oddlysatisfying  #factory  #fpy ,Z.Tool,z.tool,282673,2477,14370,12457435,20609,61,2026-05-13,False,https://www.tiktok.com/@z.tool/video/7639358375230278926,videos/Factory/282673likes_2477cmt_7639358375230278926.mp4
7645340150427421985,Cleaning,viral cleaning products tiktok,cleaning your fyp 🎀🫧🎧 #nightroutine #SelfCare #girlythings #skincare #girly ,𝐨𝐥𝐚 ౨ৎ,olaaxdiary,282378,4359,6936,967471,31661,22,2026-05-29,False,https://www.tiktok.com/@olaaxdiary/video/7645340150427421985,videos/Cleaning/282378likes_4359cmt_7645340150427421985.mp4
7644570997701528863,Electronics,amazon tech finds,Totally random but so cool 😜 #amazonfinds ,lifemadesimple,lifemadesimple70,279071,2984,52276,4289953,26411,15,2026-05-27,False,https://www.tiktok.com/@lifemadesimple70/video/7644570997701528863,videos/Electronics/279071likes_2984cmt_7644570997701528863.mp4
7305096056495279403,Electronics,viral projector tiktok,I wont apologize tho 😩😩 #projector #netflix #tiktokmademebuyit #yourpage #cosyprojector #viralproducts #christmas #blackfriday #homecinema ,Cosy Projector ✨,mycosyprojector,276603,2271,75425,8242129,64027,19,2023-11-24,False,https://www.tiktok.com/@mycosyprojector/video/7305096056495279403,videos/Electronics/276603likes_2271cmt_7305096056495279403.mp4
7319290888989986094,Electronics,viral led lights,Replying to @Soll🏮 The BEST RGB LED strips.. #carterpcs #Tech #techtok #rgb #led #ledstrip  ,Carterpcs,carterpcs,276516,2008,2299,4704057,70985,45,2024-01-02,True,https://www.tiktok.com/@carterpcs/video/7319290888989986094,videos/Electronics/276516likes_2008cmt_7319290888989986094.mp4
7542229703646547231,Fitness,viral water bottle,i’ll stick to water in it thx 😓 #waterbottle #comewithme #owala #pov ,kaitlynd!,reddnea,270381,2082,3748,3994549,11431,77,2025-08-24,False,https://www.tiktok.com/@reddnea/video/7542229703646547231,videos/Fitness/270381likes_2082cmt_7542229703646547231.mp4
7637186594922958093,Home,viral home gadgets,Ultra-Sharp Grater #gadgets #amazon #fyp #amazonmusthaves #Home,Justice Buy,tkjusticebuy,268915,6508,95814,24060186,35086,11,2026-05-07,False,https://www.tiktok.com/@tkjusticebuy/video/7637186594922958093,videos/Home/268915likes_6508cmt_7637186594922958093.mp4
7352843314091248942,Factory,manufacturing process viral,Making of Matchbox in Mega Factory #matchbox #making #factory #Process #work #manufacturing #viral #foryoupage #foryou #fyp ,LEARN TV,avtcartoon,268702,2307,21876,14696398,22029,275,2024-04-01,False,https://www.tiktok.com/@avtcartoon/video/7352843314091248942,videos/Factory/268702likes_2307cmt_7352843314091248942.mp4
7644599425863535904,Fashion,viral jeans tiktok,Skinny or baggy jeans? 👖 | Which jeans would you wear? | Save for later  #mensfashion #style ,Noah Altink,noahaltink,267744,2141,9275,8338386,40359,14,2026-05-27,False,https://www.tiktok.com/@noahaltink/video/7644599425863535904,videos/Fashion/267744likes_2141cmt_7644599425863535904.mp4
7599090515946065182,Fitness,viral water bottle,#watertok💧 #watertok #flavoredwater #fypシ゚viral #fypage ,Jackietwright9692,jackie.t.wright,266355,3301,41122,5962213,8643,122,2026-01-25,False,https://www.tiktok.com/@jackie.t.wright/video/7599090515946065182,videos/Fitness/266355likes_3301cmt_7599090515946065182.mp4
7647795776713723166,Home,viral home gadgets,Oddly satisfying or just me? #oddlysatisfying #satisfying #kitchengadgets #weirdfinds #amazonfinds,A Doll’s Home,adollshome,266219,2197,15310,5415899,6169,28,2026-06-05,False,https://www.tiktok.com/@adollshome/video/7647795776713723166,videos/Home/266219likes_2197cmt_7647795776713723166.mp4
7575875584430181653,Pets,viral pet products tiktok shop,"5 of the best Pet Hair Rollers available on the Tiktok shop, Chom Chom pet hair roller showdown. Great gift for pet lovers. FOLLOW @om mohammed  #tiktokmademebuyit #pethairremoval #creatorsearchinsights2025 #giftsforpetlover #giftshop ",Mark Dedaj,oneeggisanoeuf,265435,26761,102336,793970,32269,59,2025-11-23,False,https://www.tiktok.com/@oneeggisanoeuf/video/7575875584430181653,videos/Pets/265435likes_26761cmt_7575875584430181653.mp4
7644422503963561247,Misc,dupes viral tiktok,wow and 3 vids per sample! be prepared for my content for the next month #freesample #tiktokshopaffiliate #influencer #relatable #viralvideo ,nikki,nikkithehiddenmickey,263687,2748,841,1580094,9262,6,2026-05-27,False,https://www.tiktok.com/@nikkithehiddenmickey/video/7644422503963561247,videos/Misc/263687likes_2748cmt_7644422503963561247.mp4
6960961426978639106,Factory,toy factory viral,#toyfactory #foryou #factorywork #factoryjob #toys #child #factory #entrepreneurship #boss #recruitment,phtktoys3,phtktoys3,258070,2300,2102,4996595,4637,12,2021-05-11,False,https://www.tiktok.com/@phtktoys3/video/6960961426978639106,videos/Factory/258070likes_2300cmt_6960961426978639106.mp4
7417380557551734062,Factory,manufacturing process viral,How to Record and Mass-Produce Songs on Vinyl Records #process #processvideo #making #manufacturing #production #massproduction #factory #factorywork #viral #fyp #trending,All Process of World,apowofficial,257761,2353,9185,6024037,23549,397,2024-09-22,False,https://www.tiktok.com/@apowofficial/video/7417380557551734062,videos/Factory/257761likes_2353cmt_7417380557551734062.mp4
7621608228304227614,Kitchen,viral kitchen gadgets,look at the QUALITY STANLEY!!! #kitchen #gadgets #Foodie ,Dirt Monkey,dirtmonkeyforce,252601,2702,22748,3888747,30441,133,2026-03-26,False,https://www.tiktok.com/@dirtmonkeyforce/video/7621608228304227614,videos/Kitchen/252601likes_2702cmt_7621608228304227614.mp4
7617010660072901910,Electronics,viral led lights,So amazing window!but it’s just a lamp#yuersky #yuerskylight #yuerskywindow #artificialskylight #artificialsky #EngineeringLighting #ledlight #ledlighting #ledlamp #skylight #Yuerskywindow ,Yuersky,yuerskylight.uk,252247,2419,25054,5656082,39317,14,2026-03-14,False,https://www.tiktok.com/@yuerskylight.uk/video/7617010660072901910,videos/Electronics/252247likes_2419cmt_7617010660072901910.mp4
7604881344656657694,Car,viral car accessories tiktok shop,Everyone in your family should have one of these in their car #fyp #tiktokshop #jumpstarter #portablejumpstarter #tiktokshopcreatorpicks ,Aidan’s Finds,tiktokshopdeals4you,249099,2871,8530,19829481,42527,119,2026-02-09,True,https://www.tiktok.com/@tiktokshopdeals4you/video/7604881344656657694,videos/Car/249099likes_2871cmt_7604881344656657694.mp4
7602712520289291550,Kitchen,tiktok shop kitchen finds,Why are you cutting your food on PLASTIC?! 😷 Switch to Stainless Steel! 👏 #PlasticFree #CuttingBoard #StainlessSteelCuttingBoard #KitchenEssentials #TikTokShopCreatorPicks ,SHARP AF,sharpafedc,248391,8488,59032,30025485,36993,41,2026-02-03,True,https://www.tiktok.com/@sharpafedc/video/7602712520289291550,videos/Kitchen/248391likes_8488cmt_7602712520289291550.mp4
7642658196682771726,Hair,viral wig tiktok,😍🔥‼️‼️ #gastylist #beana #beecute #wigtransformation #viralvideo @tls.yoggie. ,💋BeeCute💋,beanaaaaaaa,245947,2875,29851,1637673,24597,6,2026-05-22,True,https://www.tiktok.com/@beanaaaaaaa/video/7642658196682771726,videos/Hair/245947likes_2875cmt_7642658196682771726.mp4
7555503874681965854,Electronics,viral led lights,Spin. Shine. Stun! ⚡🔄 This 6-arm rotating light creates mesmerizing patterns for parties or decor. #rotatinglight #ledlamp #partylights #tiktokmademebuyit#fyp,Good Stuff Diary,goodstuffdiary,245846,6573,36025,15444893,30030,15,2025-09-29,False,https://www.tiktok.com/@goodstuffdiary/video/7555503874681965854,videos/Electronics/245846likes_6573cmt_7555503874681965854.mp4
7610244435347000589,Hair,hair straightener viral,heatless straightening hair tutorial! #heatlessstraightening #fyp #hair #viral #trending ,vasilisa,vasilisa_yanis,243654,2108,21032,2689794,123492,236,2026-02-24,False,https://www.tiktok.com/@vasilisa_yanis/video/7610244435347000589,videos/Hair/243654likes_2108cmt_7610244435347000589.mp4
7633451687046286624,Factory,how its made factory,"Inside a Rough, Old-School Banana Blossom Processing Factory You've Never Seen Before #fruit #Howitsmade #satisfyingvideos #factorytour #factory ",Lurex,lurex_official1,242096,3187,22406,15448744,24611,193,2026-04-27,False,https://www.tiktok.com/@lurex_official1/video/7633451687046286624,videos/Factory/242096likes_3187cmt_7633451687046286624.mp4
7614188674317585686,Baby,viral stroller,CYBEX LIBELLE ✈️ The coolest way to fold one of the tiniest cabin approved strollers💪🏼 #cybex #travel #viral #fyp #stroller ,chelsea_uk_south,chelsea_uk_south,241422,9184,63071,4829582,19954,10,2026-03-06,False,https://www.tiktok.com/@chelsea_uk_south/video/7614188674317585686,videos/Baby/241422likes_9184cmt_7614188674317585686.mp4
7428525630355934507,Fitness,viral water bottle,Trying Water for the first time!💧#water #waterbottle #icecoldwater #waterfall #h2o #blackwater #h2ojustaddwater #thirsty #fypシ #fypシ゚viral #review #foodtiktok #asmr #watermukbang #water💧 #mukbang #agua #aguafresca #aguas #agua💧 #foryoupage #foryou #viral ,Jeffrey Alvarez,jeffrey_famous,241387,4835,18521,3850623,37830,369,2024-10-22,False,https://www.tiktok.com/@jeffrey_famous/video/7428525630355934507,videos/Fitness/241387likes_4835cmt_7428525630355934507.mp4
7525508376948722966,Fitness,viral water bottle,Huge water bottle lifehack #water #waterbottle #LifeHack #fyp ,Vlog Cast,vlogcast,240718,13539,182477,5457068,19603,32,2025-07-10,False,https://www.tiktok.com/@vlogcast/video/7525508376948722966,videos/Fitness/240718likes_13539cmt_7525508376948722966.mp4
7209758040986258694,Factory,candy factory viral,So......Who Would Love An Extreme Infinite Over The Top Chocolate 5 Kg Burgr CaKe ? 😆 #chocolate #candy #usa #sweet #cake #sugar #sweets #viral ,BOSSMAN'S BURGR FACTORY DUBAI,bossmansburgrfactory,240429,3897,67760,3760085,31178,5,2023-03-12,False,https://www.tiktok.com/@bossmansburgrfactory/video/7209758040986258694,videos/Factory/240429likes_3897cmt_7209758040986258694.mp4
7605073596020542742,Factory,how its made factory,Inside the Toyota Fortuner Factory _ How 7‑Seater SUVs Are Made (Full Process#factory #foryou ,Madeln Motion,madelnmotion,239579,3193,9900,8155980,22932,213,2026-02-10,False,https://www.tiktok.com/@madelnmotion/video/7605073596020542742,videos/Factory/239579likes_3193cmt_7605073596020542742.mp4
7632545137989618957,Pets,pet must haves,"What to Prepare Before Taking Your Puppy Out 🐾Full preparation guide for puppy outdoor trips. Cute outfits & daily essentials ready, my lovely pup is ready for a walk!#PetDailyRecord #PetMustHaves #DogOutfitDiary #DogEmotionsOnFace #CutestPuppy",PetsGoodis,petsgoodis.com,239306,8234,30755,19068787,22299,55,2026-04-25,False,https://www.tiktok.com/@petsgoodis.com/video/7632545137989618957,videos/Pets/239306likes_8234cmt_7632545137989618957.mp4
7492019251461688622,Factory,china factory viral,"Jewelery Factory, No middleman! Good quality and good price! #jewelry #jewelryfactory #jewelrywholesale #necklace #ring #earring #bracelet #sourcingtips #yiwu #goodsfromchina #wholesale #factory #SmallBusiness #importformchina #chinasupplier #yiwumarket",Markfactory,markfactorysource,238970,3691,20210,2131495,41501,18,2025-04-11,False,https://www.tiktok.com/@markfactorysource/video/7492019251461688622,videos/Factory/238970likes_3691cmt_7492019251461688622.mp4
7631218703165705494,Baby,viral baby gadgets,Amazing Games Season for Kids #baby #toy #kids #luxury #natural ,ViralClipsX,viralclipsx__,238492,2365,20531,14253069,23175,73,2026-04-21,False,https://www.tiktok.com/@viralclipsx__/video/7631218703165705494,videos/Baby/238492likes_2365cmt_7631218703165705494.mp4
7578970746098126102,Factory,inside the factory tiktok,How Money is Printed - Inside U.S. Dollar Factory,Shafqat ali,user139212962,236435,5848,143418,11690989,20007,17,2025-12-01,False,https://www.tiktok.com/@user139212962/video/7578970746098126102,videos/Factory/236435likes_5848cmt_7578970746098126102.mp4
7637573372888616223,Toys_Gifts,viral gift ideas products,Brilliant Dollar Tree diy gift idea for mother’s day #dollartree #dollartreediy #dollartreehacks #dollartreefinds #DIY ,Juju Cares,juju.cares,230588,2105,11179,5682348,57722,61,2026-05-08,False,https://www.tiktok.com/@juju.cares/video/7637573372888616223,videos/Toys_Gifts/230588likes_2105cmt_7637573372888616223.mp4
7577117528439180599,Beauty,viral mascara,Your lashes will walk in before you do 👀🙌🏾 @L’Oréal Paris NEW EXTENTIONIST MASCARA.. game changing for lashes that don’t stay curled 👏🏽 Step 1 - curl the lashes  Step 2 - apply the mascara  Step 3 - look fabulous  #LOrealParisPartner #LOrealParisExtentionist #DrusgtoreMakeup #Mascara,adi,adityamadiraju,230333,3613,25814,34848087,39367,84,2025-11-26,False,https://www.tiktok.com/@adityamadiraju/video/7577117528439180599,videos/Beauty/230333likes_3613cmt_7577117528439180599.mp4
7366465417759542570,Home,viral shower head,"Shower head, shower head, shower head #showerhead #shower #clean #filter #fyp #fypシ゚viral ",Mr. McBangerz,j0rdan_jdr,230187,2552,41904,9325603,40770,54,2024-05-08,True,https://www.tiktok.com/@j0rdan_jdr/video/7366465417759542570,videos/Home/230187likes_2552cmt_7366465417759542570.mp4
7628516884375227668,Electronics,viral phone accessories,I'm absolutely loving this new casing omg🥹🙏  especially since I love bread🍞,miqhiemouse,miqqo.slayed,227699,2954,14496,1955425,20071,26,2026-04-14,True,https://www.tiktok.com/@miqqo.slayed/video/7628516884375227668,videos/Electronics/227699likes_2954cmt_7628516884375227668.mp4
7641016880005713173,Pets,dog products viral,Do you like his raincoat? ☔️☔️☔️ The transparent raincoats are now available on our website (link in bio) 🥰🥰🥰 #dachshund #sausagedog #cutedog #doglove #doglife ,Darcy & Dad,darcyanddad,227533,5917,51379,1635284,17876,18,2026-05-18,False,https://www.tiktok.com/@darcyanddad/video/7641016880005713173,videos/Pets/227533likes_5917cmt_7641016880005713173.mp4
7407395922516118815,Electronics,cool gadgets viral,Charging all these devices with only 1 charging station #charging #wirelesscharger #wireless #charger #wireless#tiktokmademebuyit ,coolgadget.com,coolgadget_official,227300,5952,37970,15373961,48175,10,2024-08-26,False,https://www.tiktok.com/@coolgadget_official/video/7407395922516118815,videos/Electronics/227300likes_5952cmt_7407395922516118815.mp4
7603403601758735630,Electronics,tiktok shop earbuds,They are definitely good on the sound I feel like I’m in the studio 😂#earbudswireless #earbudsviral #earbudstiktokshop #earbudsreview #foryoupage #creative #tiktokmademdbuyit #tiktokshopfinds #fypシ゚viral #flashsale ,Hmoney3x,hmoney3x,227046,2050,8728,20696189,27953,46,2026-02-05,True,https://www.tiktok.com/@hmoney3x/video/7603403601758735630,videos/Electronics/227046likes_2050cmt_7603403601758735630.mp4
7631720603459898637,Pets,dog products viral,🤩🤩 #adorable #dogparents #bichonsoftiktok #dogowners #CutePetGoodies ,Pet products,ukpetsproducts,225354,3803,58269,11696745,12717,14,2026-04-22,False,https://www.tiktok.com/@ukpetsproducts/video/7631720603459898637,videos/Pets/225354likes_3803cmt_7631720603459898637.mp4
7627644253572795670,Beauty,viral mascara,So someone said to use the orange one but then in tutorials they use other colours like I need to know I'm desperate a girl just wants  nice lashes dude #fypシ #essence #essenceprincessemascara #mascara #everafterhigh ,꧁𝑉𝑒𝑙𝑣𝑒𝑡꧂,velvetbliss123,224371,4511,1028,1736629,18658,10,2026-04-11,False,https://www.tiktok.com/@velvetbliss123/video/7627644253572795670,videos/Beauty/224371likes_4511cmt_7627644253572795670.mp4
7630048308848839966,Toys_Gifts,viral toys tiktok shop,"The clownfish that starts swimming as soon as it is put into the water is as magical as if under a spell, so cute and amazing #funs #famiytime #toy #tiktok #tiktokmademebuyit ",amandak298,amandak298,223385,2398,51116,22323799,34307,15,2026-04-18,False,https://www.tiktok.com/@amandak298/video/7630048308848839966,videos/Toys_Gifts/223385likes_2398cmt_7630048308848839966.mp4
7645522419234524430,Hair,viral wig tiktok,"clap transformation#613wig #hairstyle #wigs #fyp If you like my wig, you can click this link. https://www.amazon.com/Cloudeer-Density-Blonde-Frontal-Plucked/dp/B0D5B39WNL",Cloudeer Hair,cloudeerwig,222776,2128,6596,881176,16371,12,2026-05-30,False,https://www.tiktok.com/@cloudeerwig/video/7645522419234524430,videos/Hair/222776likes_2128cmt_7645522419234524430.mp4
7631065858315439390,Kitchen,viral kitchen gadgets,#KitchenHacks #tiktokshop #fyp #coolgadets ,Clara,acambihnes,222235,3292,10819,9012532,26396,25,2026-04-21,False,https://www.tiktok.com/@acambihnes/video/7631065858315439390,videos/Kitchen/222235likes_3292cmt_7631065858315439390.mp4
7628686299125255447,Food,viral food products,CHICKEN TORTILLA SKEWERS 🤤 #dinner #dinnerinspo #DinnerIdeas #dishupdinner #girldinner ,Imogen Grace,imogengracejephson,221810,2075,45103,3076620,92531,277,2026-04-14,False,https://www.tiktok.com/@imogengracejephson/video/7628686299125255447,videos/Food/221810likes_2075cmt_7628686299125255447.mp4
7617876044850285838,Beauty,sunscreen viral tiktok,Sunscreen is cool 🫶🏼 #sunscreen #protection #spf #skincare ,Sky,skylar.jantz,220703,5159,3921,2415926,14059,9,2026-03-16,False,https://www.tiktok.com/@skylar.jantz/video/7617876044850285838,videos/Beauty/220703likes_5159cmt_7617876044850285838.mp4
7595193095927418167,Factory,food factory process,Inside a Traditional Banana Blossom Factory #factoryprocess #workerslife #factorywork ,ultra factory18,ultra.factory18,220674,3639,28099,15521438,19776,200,2026-01-14,False,https://www.tiktok.com/@ultra.factory18/video/7595193095927418167,videos/Factory/220674likes_3639cmt_7595193095927418167.mp4
7647034442242034974,Food,viral food products,10/10 Late night snack!  Thx @@__jasminenguyen for the idea! @Ryan Roth for sending our way #latenight #latenightsnack #pbandj #craving ,Wayne and Nancy,seattlehanddoc,219422,5700,110535,3540581,45864,34,2026-06-03,False,https://www.tiktok.com/@seattlehanddoc/video/7647034442242034974,videos/Food/219422likes_5700cmt_7647034442242034974.mp4
7644204242965761294,Beauty,sunscreen viral tiktok,#sunscreen ,Bri🌸,bribri_1603,217932,2013,3693,1845306,13593,38,2026-05-26,True,https://www.tiktok.com/@bribri_1603/video/7644204242965761294,videos/Beauty/217932likes_2013cmt_7644204242965761294.mp4
7604600439970991374,Fitness,tiktok shop fitness finds,#leggingsoutfit #comfyfit #tiktokshopcreatorpicks ,ki2shopping,ki2shopping,214999,2146,5585,10517990,16407,6,2026-02-08,True,https://www.tiktok.com/@ki2shopping/video/7604600439970991374,videos/Fitness/214999likes_2146cmt_7604600439970991374.mp4
7611759399031278869,Toys_Gifts,unique gifts viral tiktok,#typ #stickers #gift ,🦖,pat_trisha05,213592,13971,7502,2226011,19886,16,2026-02-28,False,https://www.tiktok.com/@pat_trisha05/video/7611759399031278869,videos/Toys_Gifts/213592likes_13971cmt_7611759399031278869.mp4
7645538212965780757,Food,viral food products,"fairy bread remains superior because wdym people are losing their minds over cake + icing + sprinkles 😭🥸   I am also aware this is an aussie tradition, but I however, do not live there 😅 #nz #tastetest #foodtrends #dotcake #viral ",Aleana & AG,locavore.eats,212752,4551,11161,3809178,13696,18,2026-05-30,False,https://www.tiktok.com/@locavore.eats/video/7645538212965780757,videos/Food/212752likes_4551cmt_7645538212965780757.mp4
7639870401031572766,Fashion,viral jeans tiktok,One-Leg Jeans Tutorial 👖✂️👍,CANDY KEN,candykenshow,211141,2602,8070,20397568,14888,14,2026-05-14,False,https://www.tiktok.com/@candykenshow/video/7639870401031572766,videos/Fashion/211141likes_2602cmt_7639870401031572766.mp4
7472026449814277422,Pets,dog products viral,Fur-nomenal results! This spray & brush duo will leave your pet's coat shiny and tangle-free. 🌟🐾#catpick #dog #dogsofttiktok #spraycomb #DogMom ,Kimi & Co.,kimi.0.o,211111,3040,92989,15291444,40054,21,2025-02-16,True,https://www.tiktok.com/@kimi.0.o/video/7472026449814277422,videos/Pets/211111likes_3040cmt_7472026449814277422.mp4
7645838411169041687,Fashion,viral pajamas,🎀 Hello Kitty matching like we were the plot twist all along 💕 #hellokittygirl #hellokittylover #sleepover #matchingpjs #matchingpajamas ,SnuggleHeavenPjs,snuggleheavenpjs,211027,2266,90436,1986708,24200,9,2026-05-30,False,https://www.tiktok.com/@snuggleheavenpjs/video/7645838411169041687,videos/Fashion/211027likes_2266cmt_7645838411169041687.mp4
7623099186640162078,Fashion,tiktok shop dress,#dress#beadeddress #winsdor #tiktokshopspringglowup #springstatements ,MeliiGiselle,meliigiselle,210796,3838,63475,3938014,34324,34,2026-03-30,True,https://www.tiktok.com/@meliigiselle/video/7623099186640162078,videos/Fashion/210796likes_3838cmt_7623099186640162078.mp4
7596908464492842295,Home,home organization must have,Let me give you some cleaning and organizing tips to keep you motivated all 2026 long! And beyond! 🧽🫧✨  #organizedhome #cleaningmotivation #cleanhome #cleaningtips #CleanTok,Niki’s Side Of Cleantok,operation_niki,207101,4148,12260,1563229,16884,111,2026-01-19,False,https://www.tiktok.com/@operation_niki/video/7596908464492842295,videos/Home/207101likes_4148cmt_7596908464492842295.mp4
7618232053741538568,Kitchen,viral kitchen gadgets,"Your personal hot pot on the go. ✨ Mini folding electric pot for noodles, soup & tea. #foldingpot #minicooker #hotpotonthego #tiktokmademebuyit #fyp",Daily Sunbeam,dailysunbeam,205789,4894,55776,11095826,37556,22,2026-03-17,False,https://www.tiktok.com/@dailysunbeam/video/7618232053741538568,videos/Kitchen/205789likes_4894cmt_7618232053741538568.mp4
7632325364311805216,Factory,factory process satisfying,Pencil Manufacturing Process #factory #factorytour #satisfyingvideos #Howitsmade #foodfactory ,Lurex,lurex_official1,204709,2013,8428,7160732,15467,193,2026-04-24,False,https://www.tiktok.com/@lurex_official1/video/7632325364311805216,videos/Factory/204709likes_2013cmt_7632325364311805216.mp4
7607288667396246792,Factory,production line satisfying,"Looking for high-speed mayonnaise filling? 🥫 Capacity: 3000 bottles per hour 🎯 Filling accuracy: ±1% 💪 No bubbles, no leakage 🧴 Perfect for plastic or glass bottles ⚙️ Stable, hygienic, easy to operate Thick sauce? No problem. Smooth filling. Clean finish. Professional result. Ready to upgrade your production line? Comment “MAYO” or send us a message! #mayonnaisefillingmachine #saucefillingmachine #bottlingline #foodprocessing #packagingmachine",fillingmachine03,fillingmachine03,200744,3520,52847,2719521,11004,8,2026-02-16,False,https://www.tiktok.com/@fillingmachine03/video/7607288667396246792,videos/Factory/200744likes_3520cmt_7607288667396246792.mp4
7425327609069718814,Electronics,viral projector tiktok,i’d literally melt if someone gets me this for christmas 🥺🥺 #projector #netfli #tiktokmademebuyit #yourpage #cosyprojector #homecinem #viralproducts #chritsmas ,Cosy Projector ✨,mycosyprojector,199202,2630,86768,8594577,53980,26,2024-10-13,True,https://www.tiktok.com/@mycosyprojector/video/7425327609069718814,videos/Electronics/199202likes_2630cmt_7425327609069718814.mp4
7624774155493297421,Beauty,skincare amazon finds,This is your morning routine step by step at @target they have affordable skin care that is very effective. @cocokind @Remedy Science @Thayers @Naturium @Olay Skin Care #skincareroutine #antiagingskincareroutine #matureskin #glowingskin #creatorsearchinsights ,Gina & Marissa,mysistersskin,197580,2585,15843,2318210,151946,279,2026-04-04,True,https://www.tiktok.com/@mysistersskin/video/7624774155493297421,videos/Beauty/197580likes_2585cmt_7624774155493297421.mp4
7354889027243363626,Home,viral bedding tiktok,bed reset ⋆⑅ ‧˚ ✉️ *:･ﾟ☁️ ˚₊ #bedding #bedreset #bedset #aesthetic #fypシ #fyp ,bora 𓂃˖ ࣪⊹,rheebora,197322,2000,2369,1489417,31183,26,2024-04-06,False,https://www.tiktok.com/@rheebora/video/7354889027243363626,videos/Home/197322likes_2000cmt_7354889027243363626.mp4
7645110978505493767,Factory,factory machines viral,24/7 Automated Debagging Machine Replace Manual Labor 🚀 #automation #debaggingsystem #robot #smartfactory #industrialautomation ,YUNSI Automation,fanli.yunsi,197026,2847,9731,19975235,11757,16,2026-05-29,False,https://www.tiktok.com/@fanli.yunsi/video/7645110978505493767,videos/Factory/197026likes_2847cmt_7645110978505493767.mp4
7564566757462019358,Fitness,viral water bottle,Bussin out the pack ! These sports bottles too 😂 #justforfun #waterpark #trending #foryoupage #viral #jokes #deerpark #water #waterchallange ,deoncage,deoncage,195260,3504,16711,823259,8845,13,2025-10-23,False,https://www.tiktok.com/@deoncage/video/7564566757462019358,videos/Fitness/195260likes_3504cmt_7564566757462019358.mp4
7524805108702416142,Beauty,body care viral products,MY ENTIRE BODYCARE/HYGIENE COLLECTION… #fypage #fypシ゚viral #fypシ #foryoupage #foryou #viral #foryoupage❤️❤️ #fyppppppppppppppppppppppp #f#f #fyp #hygiene #hygieneproducts #hygienetok #bodycare #bodycareproducts #bodycaretok #beauty #BeautyTok #beautyproducts #collection #tour #overconsumption ,♡ lanie ♡,productswithlanie,195154,2919,16671,2696414,12492,506,2025-07-08,False,https://www.tiktok.com/@productswithlanie/video/7524805108702416142,videos/Beauty/195154likes_2919cmt_7524805108702416142.mp4
7595970372319612168,Electronics,viral tech gadgets tiktok shop,"Steam, cook, eat anywhere. 🍚 Portable electric lunchbox for fresh meals on the go. #electriclunchbox #portablecooker #steamcooker #tiktokmademebuyit #fyp",Daily Sunbeam,dailysunbeam,192766,4080,74498,14662877,41505,16,2026-01-16,False,https://www.tiktok.com/@dailysunbeam/video/7595970372319612168,videos/Electronics/192766likes_4080cmt_7595970372319612168.mp4
7644633870591102230,Beauty,tiktokmademebuyit makeup,creative makeup comeback 🩵🦋 - eyeshadow inspo: a mix of @Chelsea & @Sophia Sinot ✨ - transition ib: @kindaabigdyll  - palettes used: • @🇬🇧MADEBYMITCHELL🇬🇧 the electrics colour case • @PLOUISE creative comback palette XXXL • amazon rhinestones - #blueeyeshadow #makeup #eyeshadow #creativemakeup ,Mads ⚡️,1mads,190847,4838,7009,3935125,7086,11,2026-05-27,False,https://www.tiktok.com/@1mads/video/7644633870591102230,videos/Beauty/190847likes_4838cmt_7644633870591102230.mp4
7394552732927003934,Shoes_Bags,viral shoes tiktok shop,Let me put you on to these sneakers! #creatorsearchinsights #workshoes #nurseshoes #sneakers #tiktokshop #10kstepsaday ,• HANNA •,thehannaco,189599,2161,13215,12467528,31153,33,2024-07-22,True,https://www.tiktok.com/@thehannaco/video/7394552732927003934,videos/Shoes_Bags/189599likes_2161cmt_7394552732927003934.mp4
7228032695702637870,Electronics,smart home gadgets viral,Asian Cleaning House | Korean Cleaning Home | Smart Home Gadgets #cleaning #asiancleaning #smarthome #homeasmr #homestuff #foryou #shopping ,smart home,smarthome_gadgets,189443,2468,11129,3662429,22080,171,2023-05-01,False,https://www.tiktok.com/@smarthome_gadgets/video/7228032695702637870,videos/Electronics/189443likes_2468cmt_7228032695702637870.mp4
7639075524744138014,Hair,viral wig tiktok,💛💛💛💛Yeahhh ❤️ 🩷 🩵 🧡 💜 💛 #wig #halfwig #halfwigs #lacewigsforblackwomen #rawhairbulk #hairbundles #hairbusiness #blackwomenmatter #lacefrontwig #wigtutorial #sewin ,Raw hair hair vendor,rawhair_virginhairvendor,188690,3039,52119,2090167,11726,6,2026-05-12,False,https://www.tiktok.com/@rawhair_virginhairvendor/video/7639075524744138014,videos/Hair/188690likes_3039cmt_7639075524744138014.mp4
7582032003009088799,Factory,china factory viral,"China’s Manufacturing Map Explained in 2 Minutes: Why One City Makes One Product in China? China’s manufacturing isn’t centralized — it’s distributed. Each city becomes the global center for one category because suppliers, tooling, materials, labor, and logistics all cluster together. Choosing the wrong city can cost you time, quality, and 20–40% in budget. If you need help figuring out the right supply chain location, contact me. #EricSourcing #ChinaManufacturingMap #IndustryClusters #SourcingChina #Procurement101 #SupplyChainInsights #ChinaSourcing #SupplyChain #Manufacturing #ChinaFactory #SourcingAgent #IndustryHub #ProductDevelopment #ChinaBuyer #MadeInChina #EricOnChina #chinainsights",Eric Cracks China,ericcrackschina,188510,4347,50086,2411392,64895,171,2025-12-10,False,https://www.tiktok.com/@ericcrackschina/video/7582032003009088799,videos/Factory/188510likes_4347cmt_7582032003009088799.mp4
7132211664170126597,Jewelry,viral jewelry finds,TikTok Made Me Buy It 🖤✨ #affordablejewelry #qualityjewelry #boujeeonabudget #tiktokmademebuyit #tiktokbuys #jewelryaddiction #jewelrylover #shopsmall,twopearlsshop,twopearlsshop,184368,2381,1044,7221806,13359,33,2022-08-15,False,https://www.tiktok.com/@twopearlsshop/video/7132211664170126597,videos/Jewelry/184368likes_2381cmt_7132211664170126597.mp4
7139763423012785454,Jewelry,viral jewelry finds,#ztjw #zesthzjewelry #zt_jewelry #accessories #giftgirl #jewelrytrends #jewelryshop #necklaces #shinyjewelry,SawadaShop,sawadashops,182649,2707,4755,5373836,9667,8,2022-09-05,False,https://www.tiktok.com/@sawadashops/video/7139763423012785454,videos/Jewelry/182649likes_2707cmt_7139763423012785454.mp4
7514263111071747350,Factory,factory tour viral,How exactly does a McDonald’s beef burger end up being served to you - and what is inside? We went to a farm and factory in Ireland to find out exactly what goes into their patties…  #mcdonalds #factory #insidethefactory #beef #burger #news #cows ,Daily Mail UK,dailymailuk,178690,2663,12357,3737307,12592,94,2025-06-10,False,https://www.tiktok.com/@dailymailuk/video/7514263111071747350,videos/Factory/178690likes_2663cmt_7514263111071747350.mp4
7640025279020207390,Baby,viral baby gadgets,#newborns #meacaofg #NewParents #SleepAid #BabySleep ,Lullaby Lane,eaducationkidstoy,178369,2765,54009,14884687,14642,14,2026-05-15,False,https://www.tiktok.com/@eaducationkidstoy/video/7640025279020207390,videos/Baby/178369likes_2765cmt_7640025279020207390.mp4
7476230068390432043,Kitchen,viral kitchen gadgets,👩🏻‍🍳 for my lazy chefs!!!  🔗Link: https://liketk.it/56Y4q  #amazon #amazonfinds #amazonmusthaves #amazonhome #amazondeals #homehacks #homefinds #amazonprime #deals #pasta #kitchengadgets #cook #cooking #kitchenasmr #asmr,Sarah Lindner,thehouseofsequins,176851,4051,111384,8209137,46592,25,2025-02-27,True,https://www.tiktok.com/@thehouseofsequins/video/7476230068390432043,videos/Kitchen/176851likes_4051cmt_7476230068390432043.mp4
7633874607417675030,Hair,viral wig tiktok,It came out hella cute thooo #fyp #wigs #wiginstall #613wig #humanhairwig ,Tallulah,user158389291,176825,2348,1734,2214631,6083,13,2026-04-28,False,https://www.tiktok.com/@user158389291/video/7633874607417675030,videos/Hair/176825likes_2348cmt_7633874607417675030.mp4
7648722908700773645,Outdoor,viral pool finds,This pool hasn’t been opened in a while. #swimmingpool #pooltoc #PoolOpening #poolcleaning #Summer ,dixonpoolservice,dixonpoolservice,172695,2702,3204,6529053,4996,79,2026-06-07,False,https://www.tiktok.com/@dixonpoolservice/video/7648722908700773645,videos/Outdoor/172695likes_2702cmt_7648722908700773645.mp4
7644875542486895885,Electronics,tiktok shop deals viral,"Spray while combing, with a red light mode, and it can also be cleaned with one button. It's really indispensable after using it!#tiktokshop #dealsforyoudays #tiktokshoprestock #tiktokshopholidayhaul #summervibes",Miriam,ncw4zp9qjjrygaz,172443,3827,41855,13264587,23056,33,2026-05-28,False,https://www.tiktok.com/@ncw4zp9qjjrygaz/video/7644875542486895885,videos/Electronics/172443likes_3827cmt_7644875542486895885.mp4
7343007352364223787,Pets,viral pet products tiktok shop,Smh i’ve been carrying all this with me! 😭 #dog #dogsoftiktok #puppy #tiktokmademebuyit ,Link in Bio 😮‍💨📲,doggosafaricharms,172432,7400,18667,4264965,51177,20,2024-03-05,False,https://www.tiktok.com/@doggosafaricharms/video/7343007352364223787,videos/Pets/172432likes_7400cmt_7343007352364223787.mp4
7645242599388761375,Home,home organization must have,3 Target bookshelves later… my tiny closet finally makes sense 😍 #DIY #girlytok #homedecor #makeover #bedroom,Eliana Carolina ✨,elianaccarolina,171922,2209,36047,2140496,64111,35,2026-05-29,False,https://www.tiktok.com/@elianaccarolina/video/7645242599388761375,videos/Home/171922likes_2209cmt_7645242599388761375.mp4
7580016464732654870,Fashion,viral hoodie,hoodie and pants set from @pureblankpl #fyp #dlaciebie #viral ,centkowska.barbara,centkowska.barbara,170834,2949,11573,2932085,9568,15,2025-12-04,False,https://www.tiktok.com/@centkowska.barbara/video/7580016464732654870,videos/Fashion/170834likes_2949cmt_7580016464732654870.mp4
7262259626110946590,Factory,garment factory tiktok,🪡🪡🪡How many years do you think it’ll take to reach her speed?#clothingmaking #clothfactory #factory #clothes #sewing #sewingskill ,HZ Clothes Factory,hz_clothesfactory,168933,2551,11441,8495055,19367,42,2023-08-01,False,https://www.tiktok.com/@hz_clothesfactory/video/7262259626110946590,videos/Factory/168933likes_2551cmt_7262259626110946590.mp4
7644987991424781582,Electronics,viral tech gadgets tiktok shop,#straighthair #musthave #fyp #tiktokshop #tiktokshopmademebuyit ,Rommm,rommm5949,166807,4704,49978,15375533,22040,15,2026-05-28,False,https://www.tiktok.com/@rommm5949/video/7644987991424781582,videos/Electronics/166807likes_4704cmt_7644987991424781582.mp4
7630950602918366477,Outdoor,viral pool finds,Poly tank pool! #pool #stocktankpool #polytank #backyard ,DR QUICK,dr.quick3,166114,5264,75074,3196262,44392,228,2026-04-20,False,https://www.tiktok.com/@dr.quick3/video/7630950602918366477,videos/Outdoor/166114likes_5264cmt_7630950602918366477.mp4
7627587156046925070,Baby,newborn must haves viral,Realistic night with my newborn 👶🏻 💤  6 days postpartum  #nightwithanewborn #postpartum #postpartumjourney #lifewithanewborn #newbornlife  Night routine with a newborn  6 days postpartum  Newborn night vlog Realistic night with a newborn  Fourth baby ,mandy_motherhood,mandy_motherhood,166096,3150,14210,3550675,11242,245,2026-04-11,False,https://www.tiktok.com/@mandy_motherhood/video/7627587156046925070,videos/Baby/166096likes_3150cmt_7627587156046925070.mp4
7505858880568691970,Home,viral home gadgets,"Amazon Genius Home Finds ✨  Products Linked in Bio✨ Shop my Amazon Storefront – just search under ( Outlet  Hacks )✨ This video is being shared for promotional purposes or to assist others, and its original owner is @simplysalfinds #tiktokmademebyit #tiktokfinds #fyp #foryou #viral #amazon #amazongadgets #amazongoodthings #amazonfinds #amazonmusthave #amazonfavorites  #amazonfinds2025 #viralproducts #gadgets #bk_homegoods #homefinds #homehacks #homeorganizer #homeorganization #lifehacks #amazonhomefinds #homeimprovment #house #homesweethome ",Bkowners,bk_owner,163593,2378,76268,11636266,55631,12,2025-05-18,False,https://www.tiktok.com/@bk_owner/video/7505858880568691970,videos/Home/163593likes_2378cmt_7505858880568691970.mp4
7212393230975913258,Home,viral kitchen organization,My fridge will always be set to Black Martha Stewart 💅🏽💕..... #fridgedecor #fyp #blackgirlluxury #organizewithme #aesthetics #fridgeorganization #fridgecheck #designtok #houseofbishop #lfg #evian #gatorade #vitacoco #sambazon #vosges,House of Bishop,houseofbishop,159230,2308,17428,993367,16496,9,2023-03-19,False,https://www.tiktok.com/@houseofbishop/video/7212393230975913258,videos/Home/159230likes_2308cmt_7212393230975913258.mp4
7641262376892861726,Hair,hair mask viral tiktok,Look #ecolchipro #ecolchi #ecolchiprohairmask #ecolchihairmask #ecolchicollagen #ecolchiprocollagen #ecolchiprohairoil #ecolchihairoil #smoothhair #shinyhair #haircare #hairtok #hairmask #hairoil #hair #keratin #hairstyle #viralvideo #fyp #silkyhair #damagedhair #dryhair #HairCareTips #hairproducts #ecolchiprocollagensheabutter ,EcolchiPro,ecolchi_,158973,3117,3500,9583524,5832,19,2026-05-18,False,https://www.tiktok.com/@ecolchi_/video/7641262376892861726,videos/Hair/158973likes_3117cmt_7641262376892861726.mp4
7644948946065919245,Electronics,tiktok shop deals viral,"Spray while combing, with a red light mode, and it can also be cleaned with one button. It's really indispensable after using it!#tiktokshop#dealsforyoudays #tiktokshoprestock#tiktokshopholidayhaul #summervibes",user7672633408409,user7672633408409,157531,3652,53976,12478159,23808,30,2026-05-28,False,https://www.tiktok.com/@user7672633408409/video/7644948946065919245,videos/Electronics/157531likes_3652cmt_7644948946065919245.mp4
7555952070352784670,Fitness,viral water bottle,wash your stanleys kids 🌚 #stanley #watertok #moldystanley #goodmorning ,crystal tachelle 🩷✨,crystaltachelle,155667,2866,53967,6088654,8633,13,2025-09-30,False,https://www.tiktok.com/@crystaltachelle/video/7555952070352784670,videos/Fitness/155667likes_2866cmt_7555952070352784670.mp4
7482975654682561799,Home,viral home gadgets,NEW Trend Ice Cube Bottle 😎 #gadgets #kitchengadgets #coolgadgets #homegadgets #alatdapur #peralatandapur #peralatanmakan #homefinds #LearnOnTikTok #product #LearnOnTikTok #shopping #goodstuff #alatrumah #goodthings #houseware #homehacks #householditems #tiktokmademebuyit #KitchenHacks #goodthingstoshare #foryou #好物分享 #好物sharing #爆款热卖 #厨房好物 #tiktokgoodbuy #好物推荐 #fyp #trending #kitchenware #lovinghome #icecube @TikTok Malaysia,LovingHome,lovinghome.lovinghome,155329,3289,63499,12878230,33319,10,2025-03-18,False,https://www.tiktok.com/@lovinghome.lovinghome/video/7482975654682561799,videos/Home/155329likes_3289cmt_7482975654682561799.mp4
7594518880148524343,Food,viral food products,Viral Spicy bowls… so hot make you 🍑 hole burn 🤣🤣🤣 #chicago #chicagofood #spicybowl   ,Shanikky,shanikkyworld,154737,2182,15316,3620172,15385,63,2026-01-12,False,https://www.tiktok.com/@shanikkyworld/video/7594518880148524343,videos/Food/154737likes_2182cmt_7594518880148524343.mp4
7573189248992562462,Health,viral massage gun,Small but mighty! No way it’s on Sale now! 🫢💗#inia #deeptissuemassage #portablemassage #massagegun #massage ,Just_Jess🖤,just__.jess,153788,8061,80031,21127673,17646,51,2025-11-16,True,https://www.tiktok.com/@just__.jess/video/7573189248992562462,videos/Health/153788likes_8061cmt_7573189248992562462.mp4
7506146649815780639,Baby,viral stroller,"Pickup Truck Stroller 🚚👶  Cruise in style with this pickup truck stroller—perfect for little adventurers and trendsetting parents alike. Big vibes, bold rides, and adorable cargo! ✨🌟 #PickupTruckStroller #Luxarts #UniqueDesign #BabyGear #RuggedStyle #ParentingGoals",LuxArts,luxarts_ai,153336,2125,163362,8449222,18466,21,2025-05-19,False,https://www.tiktok.com/@luxarts_ai/video/7506146649815780639,videos/Baby/153336likes_2125cmt_7506146649815780639.mp4
7640810592529419528,Beauty,viral mascara,THE mascara of 2026??? #mascara #eyelashes #makeup #fyp #iloveyou 🤍🤍,inspo!,girly_inspoxoxo,146757,7431,519,1257486,9671,12,2026-05-17,False,https://www.tiktok.com/@girly_inspoxoxo/video/7640810592529419528,videos/Beauty/146757likes_7431cmt_7640810592529419528.mp4
7612467935772183822,Electronics,viral phone accessories,This bracket is amazing! It can be attached to all smooth surface surfaces and is extremely stable.#holder #phonemount #phonestand #tiktokmademebuyit #carholder,Jinora,jinora368,145989,3299,101518,12142338,11578,33,2026-03-02,False,https://www.tiktok.com/@jinora368/video/7612467935772183822,videos/Electronics/145989likes_3299cmt_7612467935772183822.mp4
7636059351224044822,Fitness,viral workout products,New cleaning method just dropped. 🧹🧼 #mobilitychallenge #coreworkout #absathome #cleaningworkout ,Igor System 🇪🇪 | Mobility,igor.system,142753,3020,49905,8591117,50547,8,2026-05-04,False,https://www.tiktok.com/@igor.system/video/7636059351224044822,videos/Fitness/142753likes_3020cmt_7636059351224044822.mp4
7561198947209973022,Fashion,viral leggings,"When the viral So Cinched “BBL” leggings by Halara aren’t giving you the lift you want, make sure you’re wearing them the right way! They fit true to size, i’m 5’5 135 in small #Halara   #SoCinchedLeggings   #ButtLiftingLeggings   #HalaraLeggings   #tiktokshopblackfriday                ",Dani | Style • Fitness • Life,dani.black29,140469,2390,10673,33736273,17160,22,2025-10-14,True,https://www.tiktok.com/@dani.black29/video/7561198947209973022,videos/Fashion/140469likes_2390cmt_7561198947209973022.mp4
7229580722128833838,Baby,viral stroller,A heart stopping moment when a baby’s stoller starts rolling into busy traffic. #breakingnews #viralvideo #fyp #ronnessman #babystroller #busytraffic #california #californianews #hesperiacalifornia #hesperianews #goodsemaritan #homlessman #formerhomlessman ,🎥📺 ʜᴇʙᴇᴡɪᴛʜᴛʜᴇɴᴇᴡᴤ,hebewiththenews,138213,4163,12315,5613634,5891,76,2023-05-05,False,https://www.tiktok.com/@hebewiththenews/video/7229580722128833838,videos/Baby/138213likes_4163cmt_7229580722128833838.mp4
7643127710671310094,Fitness,viral water bottle,Got me washing up with water bottles. @carnival pls help😭,kai✩,kaimakazzi,137893,2289,28987,3379226,7177,9,2026-05-23,False,https://www.tiktok.com/@kaimakazzi/video/7643127710671310094,videos/Fitness/137893likes_2289cmt_7643127710671310094.mp4
7486388222059334958,Fashion,viral jeans tiktok,you wanna try it?,StarMuse,thestarmuse,134613,9424,191430,6237676,15148,6,2025-03-27,False,https://www.tiktok.com/@thestarmuse/video/7486388222059334958,videos/Fashion/134613likes_9424cmt_7486388222059334958.mp4
7642457636654288159,Factory,factory tour viral,This factory was closed for dog fighting.. #urbex #explore #abandoned #creepy #terrified ,enridireurbex,enridireurbex,133165,2850,12349,1793754,11123,14,2026-05-21,False,https://www.tiktok.com/@enridireurbex/video/7642457636654288159,videos/Factory/133165likes_2850cmt_7642457636654288159.mp4
7634270166058011917,Home,viral lamp tiktok,Every comment truly helps 🥺🖤 #goth #crafts #lamp #halloween #nightlight,Ayumiscrafts,ayumiscrafts,130529,6751,13133,2557578,9903,16,2026-04-29,False,https://www.tiktok.com/@ayumiscrafts/video/7634270166058011917,videos/Home/130529likes_6751cmt_7634270166058011917.mp4
7536439529423572254,Kitchen,tiktok shop kitchen finds,This is the best money you’ll ever spent on #tiktokshop . Essential kitchen tool!  #kitchengadget #tiktokmademebuythis #fypage #chefqstr #homechef ,Quoc Nguyen | Chef Q,chefqstr,130440,5068,21016,22654643,35161,56,2025-08-09,True,https://www.tiktok.com/@chefqstr/video/7536439529423572254,videos/Kitchen/130440likes_5068cmt_7536439529423572254.mp4
7534720483409939734,Fitness,viral water bottle,How does this even work?! 🤔 🎥: Irem Sosay via ViralHog #UNILAD #unilad #funnyy #fails #science #physics #students,UNILAD,unilad,129513,2937,3842,12471754,8151,17,2025-08-04,False,https://www.tiktok.com/@unilad/video/7534720483409939734,videos/Fitness/129513likes_2937cmt_7534720483409939734.mp4
7425993652771638536,Beauty,perfume tiktok shop,افضل عطور نسائيه👩 #perfume #عطور #fragrance #perfumetiktok #عطور_نسائيه ,Baiomy,baiomy75,126144,2069,40337,4307799,93145,126,2024-10-15,False,https://www.tiktok.com/@baiomy75/video/7425993652771638536,videos/Beauty/126144likes_2069cmt_7425993652771638536.mp4
7604579777483115796,Factory,factory machines viral,"The shift from Repetition to Decision-Making. 🤖 We are witnessing a fundamental transformation in manufacturing. For decades, automation meant fixed instructions and mindless repetition. Today, that is being replaced by autonomous decision-making. Modern factories are now driven by AI systems that don't just move; they analyze vibration, temperature, and surface quality in real-time to guide every cut, drill, and solder with extreme precision. This feedback-loop-driven automation allows hardware to assemble itself with a level of adaptability previously impossible. By processing environmental data on the fly, machines can now detect misalignments or material flaws before they become defects, effectively eliminating waste and downtime. We are no longer just building assembly lines; we are building ""living"" industrial ecosystems that learn and perfect themselves with every cycle. The Engineering Question: In an AI-guided factory, where is the most critical ""intelligence"" needed: At the Edge (inside the machine) for millisecond reactions, or in the Cloud for cross-fleet optimization? 👇 ⚠️ This video is shared for educational and informational purposes only. It does not contain any sponsored deals, advertising, or commercial intent. Credit to the original creator. All rights belong to the respective brand. If you are the owner and wish to have it removed or credited differently, please contact us. #Manufacturing #AI #SmartFactory #Automation #IndustrialEngineering #FutureOfWork #CTORobotics",CTO ROBOTICS Media,ctorobotics,122762,2131,21743,3377747,15513,24,2026-02-09,False,https://www.tiktok.com/@ctorobotics/video/7604579777483115796,videos/Factory/122762likes_2131cmt_7604579777483115796.mp4
7612821854788668702,Misc,dupes viral tiktok,@curly.sneaker ,ms.cbfw🎀,lexlailah,121862,2050,12629,886313,30612,95,2026-03-03,True,https://www.tiktok.com/@lexlailah/video/7612821854788668702,videos/Misc/121862likes_2050cmt_7612821854788668702.mp4
7615336811102997790,Fashion,shapewear viral,Replying to @Dread Doctorr YIANNA Fajas Colombianas Shapewear for Women Tummy Control Full Shapewear Butt Lifter with Zipper Crotch #yianna #shapewear #fyp #fajacolombianas #faja ,Bri InTheMoment💫,bri_inthemoment,120758,5296,14977,10172674,37861,66,2026-03-09,True,https://www.tiktok.com/@bri_inthemoment/video/7615336811102997790,videos/Fashion/120758likes_5296cmt_7615336811102997790.mp4
7628304927391091975,Factory,shoe factory tiktok,#shoewholesale #鞋子批发 ,woshun shoes,uuu33440k1v,118464,4031,29653,3367620,30081,44,2026-04-13,False,https://www.tiktok.com/@uuu33440k1v/video/7628304927391091975,videos/Factory/118464likes_4031cmt_7628304927391091975.mp4
7588722390813740309,Electronics,amazon tech finds,"Why doesn’t every charger do this?? 👀 👉 Comment “CABLE” and I’ll DM you the link, or check the product link in my bio. #amazon #amazonfinds #Tiktok #charger #phonecharger #portable #gadget",CozyPrime Finds,cozyprimefinds,117348,5717,37570,5826297,35703,30,2025-12-28,False,https://www.tiktok.com/@cozyprimefinds/video/7588722390813740309,videos/Electronics/117348likes_5717cmt_7588722390813740309.mp4
7643673028458564878,Fashion,viral clothing finds,What store yall be shopping at nowadays?? 💔 #mike #ykklips #clothing #fashion #relatable ,Mike Carter,youknowklips,115309,3348,1855,1532323,14624,20,2026-05-25,False,https://www.tiktok.com/@youknowklips/video/7643673028458564878,videos/Fashion/115309likes_3348cmt_7643673028458564878.mp4
7403807231419976990,Shoes_Bags,viral shoes tiktok shop,Best shoes you can get for $11 right now #shoes #cheap #comfy #comfyshoes #mensshoes #shoestyle #tiktokmademebuyit #tiktokmarketplace ,Ty,dealswithty,114653,2250,12761,21372406,17341,66,2024-08-16,True,https://www.tiktok.com/@dealswithty/video/7403807231419976990,videos/Shoes_Bags/114653likes_2250cmt_7403807231419976990.mp4
7615255819705175318,Factory,factory tour viral,#abandoned #urbex #poppyplaytime #fyp ,𝕵𝖚𝖘♱𝖎𝖓,justinyobtch,111743,2273,8578,1099406,18625,23,2026-03-09,False,https://www.tiktok.com/@justinyobtch/video/7615255819705175318,videos/Factory/111743likes_2273cmt_7615255819705175318.mp4
7203533459069865222,Factory,garment factory tiktok,#fyp #factorywork #garmentfactory #socksfactory #underwearfactory #oem #odm ,TOPCUT,topcut_official,111435,2143,3450,39189175,10566,23,2023-02-24,False,https://www.tiktok.com/@topcut_official/video/7203533459069865222,videos/Factory/111435likes_2143cmt_7203533459069865222.mp4
7644439073960119565,Toys_Gifts,viral gift ideas products,"please be honest, would you buy one? #handmade #crochet #SmallBusiness #bag #flowers",crochetbyethan,crochetbyethan,111259,6431,2402,1109547,3818,16,2026-05-27,False,https://www.tiktok.com/@crochetbyethan/video/7644439073960119565,videos/Toys_Gifts/111259likes_6431cmt_7644439073960119565.mp4
7511428112660368671,Beauty,tiktokmademebuyit makeup,SHADE CHESTNUTTY Evanesce Soft Matte Cream Concealer #viral #fyp #ViralTattooCover #TattooCoverUp #FullCoverageConcealer #MakeupTransformation #BeforeAndAfter #WatchThisTattooDisappear #SoftMatteFinish #FlawlessCoverage #ConcealerThatWorks #TikTokMadeMeBuyIt #TattooCoverTest #BlendItOut #FullBeatNoTattoo #TattooGoneChallenge #PIMBYOnMyFace #FromTattooToFlawless #MakeupHackTikTok #CoverageChallenge #SlayThatTattoo #CoverItWithPIMBY,PIMBY,playinginmakeupbyyolondo,108418,2331,7243,3234077,12606,44,2025-06-02,False,https://www.tiktok.com/@playinginmakeupbyyolondo/video/7511428112660368671,videos/Beauty/108418likes_2331cmt_7511428112660368671.mp4
7639755625253063966,Outdoor,viral pool finds,Maybe think twice before getting a pool #pool #poolday #poolsetup #pooltime ,DIYmomAnnie,diymomannie,107914,6256,9199,10594534,6915,305,2026-05-14,False,https://www.tiktok.com/@diymomannie/video/7639755625253063966,videos/Outdoor/107914likes_6256cmt_7639755625253063966.mp4
7637919769194171661,Electronics,smart home gadgets viral,Which genius invented this? #fyp #gadgets #Home #homefinds #amazon ,Nice Life,nicelife.hacks,105082,2321,27594,9681068,13184,12,2026-05-09,False,https://www.tiktok.com/@nicelife.hacks/video/7637919769194171661,videos/Electronics/105082likes_2321cmt_7637919769194171661.mp4
7642450910832086285,Fitness,tiktok shop fitness finds,A necessity for me #tiktokshopfindsfyp #yogashorts #yogapants #camel ,IG blairbinii,blairbinii,104490,2087,22662,4794923,13848,30,2026-05-21,False,https://www.tiktok.com/@blairbinii/video/7642450910832086285,videos/Fitness/104490likes_2087cmt_7642450910832086285.mp4
7639332701799025951,Factory,china factory viral,Chinese supplier of light luxury furiture ##factory ##business#china #luxury #supplier,Q.Xisco,linq666,104342,2518,32725,1373112,36960,67,2026-05-13,False,https://www.tiktok.com/@linq666/video/7639332701799025951,videos/Factory/104342likes_2518cmt_7639332701799025951.mp4
7640136936203619598,Outdoor,viral garden products,Probably the most affordable way to start a garden #dumpsterdiving #garden #gardening #gardener #freeplants ,joey,joeyplantstreesbackup,103121,2061,10039,622166,9328,107,2026-05-15,False,https://www.tiktok.com/@joeyplantstreesbackup/video/7640136936203619598,videos/Outdoor/103121likes_2061cmt_7640136936203619598.mp4
7343077529084808494,Factory,how its made factory,this is how the government prints money #fyp #money #dollar #cash #government ,kndeals,inventix_,98847,2074,8214,3775106,12515,94,2024-03-06,False,https://www.tiktok.com/@inventix_/video/7343077529084808494,videos/Factory/98847likes_2074cmt_7343077529084808494.mp4
7632404941486705934,Factory,candy factory viral,😋 #conveyorbelt #conveyor #vulcanizing #lightweight ,Ryan Cobb,ryan.cobb415,95446,4809,10003,1311100,4319,25,2026-04-24,False,https://www.tiktok.com/@ryan.cobb415/video/7632404941486705934,videos/Factory/95446likes_4809cmt_7632404941486705934.mp4
7313012911813823786,Home,viral lamp tiktok,"Have you ever seen this kind of folding lamp, my friend?#lamp #light #foryou #fyp #tiktok ",G-OUSSVE,goussve.km,94816,2484,8050,2882189,29372,14,2023-12-16,False,https://www.tiktok.com/@goussve.km/video/7313012911813823786,videos/Home/94816likes_2484cmt_7313012911813823786.mp4
7622710721675054350,Toys_Gifts,unique gifts viral tiktok,"Unique gift ideas, anyone? 😭#giftsforhim #giftsideas ",isalova,isalovalife,92882,5131,865,1458280,21629,30,2026-03-29,False,https://www.tiktok.com/@isalovalife/video/7622710721675054350,videos/Toys_Gifts/92882likes_5131cmt_7622710721675054350.mp4
7649201625491361038,Beauty,sunscreen viral tiktok,If you needed more motivation.  #sunscreen #spf #antiaging #antiagingtips #dermatology ,Dr. Sam Ellis - Dermatologist,drsamanthaellis,91480,2487,6775,696063,9509,26,2026-06-09,False,https://www.tiktok.com/@drsamanthaellis/video/7649201625491361038,videos/Beauty/91480likes_2487cmt_7649201625491361038.mp4
7639523672708992286,Beauty,body care viral products,"ad, Listen this advice…‼️ #usa #fyp #skincare #health #skinroutine",choi.koreanskin,choi.koreanskin,89657,2725,87989,2564735,64487,32,2026-05-13,False,https://www.tiktok.com/@choi.koreanskin/video/7639523672708992286,videos/Beauty/89657likes_2725cmt_7639523672708992286.mp4
7627276862967860487,Pets,viral pet products tiktok shop,Keeps her so busy😭 #dogs #dogtoy #interactivetoys #happydog #dogmom ,pawpulse,pawpulsetoys,88366,4003,15630,1826043,8660,10,2026-04-10,False,https://www.tiktok.com/@pawpulsetoys/video/7627276862967860487,videos/Pets/88366likes_4003cmt_7627276862967860487.mp4
7363675175382076718,Health,tiktok shop supplements viral,Who needs one?? 👀 #gymproducts #gym #viral #summerproducts #protein #tiktokmademebuyit ,PortableProCup™,portableprocups,87929,6631,8421,1585094,40932,10,2024-04-30,False,https://www.tiktok.com/@portableprocups/video/7363675175382076718,videos/Health/87929likes_6631cmt_7363675175382076718.mp4
7618975168483904782,Health,tiktok shop supplements viral,#tiktok #tiktokshop #fyp ,🇺🇸 baofu125 🇺🇸,baofu125,82361,4141,134344,6697017,17227,33,2026-03-19,False,https://www.tiktok.com/@baofu125/video/7618975168483904782,videos/Health/82361likes_4141cmt_7618975168483904782.mp4
7636638059605364001,Beauty,viral mascara,😬😬 #makeup #jk #fyp #mascara #expired ,ᦓꪻꫀꪶꪖ,stelanovi1901,76985,2140,12527,1669526,3710,11,2026-05-06,False,https://www.tiktok.com/@stelanovi1901/video/7636638059605364001,videos/Beauty/76985likes_2140cmt_7636638059605364001.mp4
7640249379491728654,Shoes_Bags,viral bags amazon finds,Shein luxe designer bags #sheinhaul #sheinluxuryfinds #sheinbaghaul #designerbags ,Mama Jen | BELIEVER | Mom to 8,heyitsmamajen,76579,2383,21596,2132690,19548,361,2026-05-15,False,https://www.tiktok.com/@heyitsmamajen/video/7640249379491728654,videos/Shoes_Bags/76579likes_2383cmt_7640249379491728654.mp4
7404783083842587937,Pets,viral pet products tiktok shop,"Link in Bio! 🔗🐾 Get it now, the best vapor hair comb for pets in 2024 😻🙌🫧 #petproducts #dogs #cats #tiktokmademebuyit #viral #fyp ",lluna_vaporcomb,lluna_vaporcomb,70119,5485,11766,1788288,31708,12,2024-08-19,False,https://www.tiktok.com/@lluna_vaporcomb/video/7404783083842587937,videos/Pets/70119likes_5485cmt_7404783083842587937.mp4
7644606683825622294,Food,viral food products,Heat wave means only 1 thing! Ice Lollies!! 🍭#fyp #fun #food #chef ,Cookingwithcarter,cookingwithcarter,66778,2335,7869,700161,4089,126,2026-05-27,False,https://www.tiktok.com/@cookingwithcarter/video/7644606683825622294,videos/Food/66778likes_2335cmt_7644606683825622294.mp4
7593103783853493506,Fashion,viral clothing finds,Why did my mother get me these💀 #fyp #tiktokshop #baggyjoggers ,MaskedMarkets🛒,maskedmarkets7,65531,2821,23030,6404707,6718,20,2026-01-08,True,https://www.tiktok.com/@maskedmarkets7/video/7593103783853493506,videos/Fashion/65531likes_2821cmt_7593103783853493506.mp4
7544564934005329183,Factory,candy factory viral,Lucy and Ethel Candy Factory #ilovelucy #lucilleball #fypシ゚viral ,TJ Lovelady,tjlovelady,63069,2920,37305,794169,6922,73,2025-08-31,False,https://www.tiktok.com/@tjlovelady/video/7544564934005329183,videos/Factory/63069likes_2920cmt_7544564934005329183.mp4
7591775366591679774,Pets,pet must haves,Just gave my pup the ultimate spa day This electric paw cleaner is lowkey a game-changer. No more muddy prints all over the place 😤 He actually likes it too - it's like a lil paw massage🤣 #pet #PetsOfTikTok ,modernyardsale,modernyardsale,61740,5642,17689,4880533,8045,10,2026-01-05,True,https://www.tiktok.com/@modernyardsale/video/7591775366591679774,videos/Pets/61740likes_5642cmt_7591775366591679774.mp4
7645426968237706527,Toys_Gifts,viral toys tiktok shop,Stay tuned to see me test out other squishy fillings to replace the viral edge control squishy!! #squishy #fidgettoys #needoh #fyp #experiment ,mimimakesmagic,mimimakesmagic,61532,2152,592,1761910,3110,66,2026-05-29,False,https://www.tiktok.com/@mimimakesmagic/video/7645426968237706527,videos/Toys_Gifts/61532likes_2152cmt_7645426968237706527.mp4
7569670930633329933,Hair,hair straightener viral,Pro tip: always straighten hair wet for max shine #hairhacks #grwm ,Daiquiri,daquirii65,61441,2002,26234,2085428,4456,25,2025-11-06,False,https://www.tiktok.com/@daquirii65/video/7569670930633329933,videos/Hair/61441likes_2002cmt_7569670930633329933.mp4
7621740582498536735,Health,viral health products,How Enema Therapy Cleans Your Colon Instantly (3D Animation) #Enema #ColonCleanse #3DAnimation #MedicalAnimation #GutHealth #ConstipationRelief #HealthTips #DigestiveHealth #ViralHealth,pet.cottage_1021,pet.cottage_1021,60888,3613,53545,7307637,11712,68,2026-03-27,False,https://www.tiktok.com/@pet.cottage_1021/video/7621740582498536735,videos/Health/60888likes_3613cmt_7621740582498536735.mp4
7617193238901853473,Factory,toy factory viral,#dc #fyp #poppyplaytime #toyfactory ,꒰ঌ🖤໒꒱ ˚₊ Frontman ₊˚ෆ,nr1loversquidgame,54974,2066,3464,740124,9184,93,2026-03-14,False,https://www.tiktok.com/@nr1loversquidgame/video/7617193238901853473,videos/Factory/54974likes_2066cmt_7617193238901853473.mp4
7639410626019839265,Fashion,viral swimsuit tiktok,Watching the beautiful birds and other animals while walking through the Caribbean Sea in my swimsuit at Playa Delfines 🙂 #mexico #cancun #beachvibes #bikini #goodtimes ,the_germanbombshell,the_germanbombshell,54371,3489,114126,3861331,10922,14,2026-05-13,True,https://www.tiktok.com/@the_germanbombshell/video/7639410626019839265,videos/Fashion/54371likes_3489cmt_7639410626019839265.mp4
7452595563477929258,Factory,china factory viral,Goldmine!! 99% people don’t know! All about $0.3! #sourcing #wholesale #sourcingtips #importfromchina #smallcommodity #madeinchina #dollarstore #factorystock #Factory ,Small Commodity Center,small.commodity.c,53542,2202,9131,2205950,19291,15,2024-12-26,False,https://www.tiktok.com/@small.commodity.c/video/7452595563477929258,videos/Factory/53542likes_2202cmt_7452595563477929258.mp4
7640474782005202198,Factory,factory process satisfying,FUEL MAKERS making Oil 🛢️ with Used Old Tires 🛞 #howitsmade #factorytour #satisfyingvideos #satisfy #recycling ,Incredible Process,incredibleprocess01,52305,3622,5765,2357760,4829,83,2026-05-16,False,https://www.tiktok.com/@incredibleprocess01/video/7640474782005202198,videos/Factory/52305likes_3622cmt_7640474782005202198.mp4
7522195354599640351,Health,tiktok shop supplements viral,Watch for how I am truly aging in reverse with NAD. You can see through pictures the difference I have had and I want you to have the same experience! #over40 #over50women #nad #nadsupplement #agingbackwards #fountainofyouth #tiktokshopcreatorpicks #dealsforyoudays #biohacking #tiktokviral #resultsmayvary @Cata-Kor USA ,Lotus Wellness,lotuswellness8,51607,2422,12202,8553249,16905,148,2025-07-01,True,https://www.tiktok.com/@lotuswellness8/video/7522195354599640351,videos/Health/51607likes_2422cmt_7522195354599640351.mp4
7643569419209297165,Beauty,viral blush tiktok,My current fav combo💗 #pink #blush #makeup #fy ,Paola💜,misspaolastyles,50936,3181,14523,10633739,4068,64,2026-05-24,False,https://www.tiktok.com/@misspaolastyles/video/7643569419209297165,videos/Beauty/50936likes_3181cmt_7643569419209297165.mp4
7592186955899751735,Factory,china factory viral,How to order from China#china#sourcing #business #wholesale #money ,Sally,sallyhahajewelry,48523,2091,9424,808926,34130,122,2026-01-06,False,https://www.tiktok.com/@sallyhahajewelry/video/7592186955899751735,videos/Factory/48523likes_2091cmt_7592186955899751735.mp4
7610874827724819734,Baby,baby toys viral tiktok,#babytoy #babyfunny #funnytoyskids #viralvideos #kidsvideosforkids ,ToToUnboxing,totounboxing2,48498,2625,1899,7369008,12492,62,2026-02-25,False,https://www.tiktok.com/@totounboxing2/video/7610874827724819734,videos/Baby/48498likes_2625cmt_7610874827724819734.mp4
7647935636145458462,Health,viral health products,Our food is toxic?! #biohacking #glutathione #detox #liverhealth #antiaging ,KeepStackinLife,keepstackinlife,47347,2282,10127,2321421,11672,134,2026-06-05,True,https://www.tiktok.com/@keepstackinlife/video/7647935636145458462,videos/Health/47347likes_2282cmt_7647935636145458462.mp4
7638451779289632014,Food,tiktok shop snacks viral,"I Tried BURGER, STEAK & FRIED CHICKEN Ice Creams 😭🍦#fyp #viral #icecream #dessert #snacks #foodreview #FoodTok #steak #friedchicken #tastetest #viralvideo #viralfoods",GamerJ,gamerjcool23,46758,2145,3954,1131509,8171,132,2026-05-11,False,https://www.tiktok.com/@gamerjcool23/video/7638451779289632014,videos/Food/46758likes_2145cmt_7638451779289632014.mp4
7586968115427265847,Hair,viral wig tiktok,Happy ✨✨💖💖🎁🎁🤗🤗#613wig #wiginstall #tiktokdhopholidayhaul #shopvideocarnlval #newyear ,Hot Star Hair,hotstarhairshop,46377,2840,19398,648893,3695,18,2025-12-23,True,https://www.tiktok.com/@hotstarhairshop/video/7586968115427265847,videos/Hair/46377likes_2840cmt_7586968115427265847.mp4
7608935367965674765,Home,viral shower head,Finally back! 🚨 The ultimate men’s shower gear is here. Grab yours before it’s gone! 👇#restockalert #mensessentials #tiktokmademebuyit #showerhead #limitedsupply ,See Hooray,seehooray,42311,3186,61466,4080961,8225,27,2026-02-20,False,https://www.tiktok.com/@seehooray/video/7608935367965674765,videos/Home/42311likes_3186cmt_7608935367965674765.mp4
7629003771149896982,Factory,factory process satisfying,Part 79 | Inside Fanta Factory | Satisfying Bottling Process,M 4 MAKiNG,m4making_1,42220,2101,8878,5010715,3986,77,2026-04-15,False,https://www.tiktok.com/@m4making_1/video/7629003771149896982,videos/Factory/42220likes_2101cmt_7629003771149896982.mp4
7620563003590593814,Electronics,viral phone accessories,"Blue iPhone 17 ASMR Packing  (ASMR, iPhone, Viral) #iPhone #iPhone17 #fypp #creatorinsights ",allabtiphones,balljnrhjz0,41328,6638,11773,850087,7703,122,2026-03-23,False,https://www.tiktok.com/@balljnrhjz0/video/7620563003590593814,videos/Electronics/41328likes_6638cmt_7620563003590593814.mp4
7299590806317337899,Shoes_Bags,viral shoes tiktok shop,"Welcome to TikTok Shop! Follow us to stay up to date on top trends, deals, and so much more. Happy shopping! #TikTokShop",TikTok Shop 🇺🇸,tiktokshop_us,40757,3762,14091,10054458,4110,42,2023-11-09,False,https://www.tiktok.com/@tiktokshop_us/video/7299590806317337899,videos/Shoes_Bags/40757likes_3762cmt_7299590806317337899.mp4
7201516122141642026,Beauty,tiktok shop skincare viral,Literally my new favorite skin care product ☺️ #skincareroutine #beautyhacks  #selfcareproducts #acnetreatment #antiaging #acneskincare #tiktokmademebuyit #newproduct #fyp #viral #skin #blowthisup,Therawand,therawand.co,39087,2931,6326,1695542,18880,22,2023-02-18,False,https://www.tiktok.com/@therawand.co/video/7201516122141642026,videos/Beauty/39087likes_2931cmt_7201516122141642026.mp4
7404834180556803359,Shoes_Bags,viral shoes tiktok shop,Dont but the viral 3” lift sneakers #shoes #shoe #menshoes #tiktokshopbacktoschool #sneakers ,hey_thatscool,hey_thatscool,37481,2709,4073,6779048,4951,71,2024-08-19,True,https://www.tiktok.com/@hey_thatscool/video/7404834180556803359,videos/Shoes_Bags/37481likes_2709cmt_7404834180556803359.mp4
7635425087142874381,Health,viral health products,#healthtips #fyp #naturalremedy #viral #wellness ,Holistic Tips,animated_longevitytips,37428,2535,28214,754104,24899,40,2026-05-02,False,https://www.tiktok.com/@animated_longevitytips/video/7635425087142874381,videos/Health/37428likes_2535cmt_7635425087142874381.mp4
7601960253755772191,Baby,viral baby gadgets,cutebabyreactionstotoys learningtoysfortoddlers Motovation kidspreschoollearning funlearningforkid#creatorsearchinsights #motivationalvideo #growaccount #kidsfanny #kidsoftiktok #toodlersoftiktok #activityforkids #kidsfanny #cartoonsforkids #fyp #fpy #viralme #foryou ,Toddlers kids,toddlerskids1,36917,3042,1807,4587312,9194,70,2026-02-01,False,https://www.tiktok.com/@toddlerskids1/video/7601960253755772191,videos/Baby/36917likes_3042cmt_7601960253755772191.mp4
7642560704108596493,Electronics,viral mini printer,LIVING VIRTUOUSLY 3D CAN HOLDER! #crystalscreationz #3dprinting #smallbusinessowner #canholder #HandmadeWithLove ,"Crystal’s Creationz, LLC 😘",crystalscreationzllc,34356,2443,4735,500335,6394,44,2026-05-22,False,https://www.tiktok.com/@crystalscreationzllc/video/7642560704108596493,videos/Electronics/34356likes_2443cmt_7642560704108596493.mp4
7641367515649559821,Fashion,tiktok shop fashion haul,,tiktokshopnatural,tiktokshopnatural,33177,3352,17586,667990,3138,109,2026-05-18,True,https://www.tiktok.com/@tiktokshopnatural/video/7641367515649559821,videos/Fashion/33177likes_3352cmt_7641367515649559821.mp4
7637398012448279839,Home,tiktok shop home finds,Don’t miss it #tiktokshop #fyp #TiktokShopHolidayHaul  #toiletcleaning #homegadgets ,Yanm,cecileub6gq,28164,19146,11421,217471,8246,6,2026-05-08,False,https://www.tiktok.com/@cecileub6gq/video/7637398012448279839,videos/Home/28164likes_19146cmt_7637398012448279839.mp4
7636470533076421901,Shoes_Bags,viral shoes tiktok shop,what shoes makes you look BROKE⁉️ shop @kickclub.net_official code: source (15% off) #fyp #shoes #designer #trending #sourcedbymir ,️,sourcedbymir,26891,3018,301,786582,2773,7,2026-05-05,True,https://www.tiktok.com/@sourcedbymir/video/7636470533076421901,videos/Shoes_Bags/26891likes_3018cmt_7636470533076421901.mp4
7199805064985283845,Factory,toy factory viral,Stuffing a dog plush 🐕🏭 #stuffedanimals #stuffedanimal #stuffedtoy #plush #plushies #plushie #softtoy #dog #wolf #husky #howitsmade #factory #dogtoy #engineering #mechanicalengineering #electricalengineering #mechanism #engineers #engineeringlife #engineeringlovers #engineeringporn #mechrec #Science #engineer #satisfying #viral #viralreels ,Engineer Videos ⚙️🛠️,engineervideos,26865,5353,10485,1799421,5359,8,2023-02-14,False,https://www.tiktok.com/@engineervideos/video/7199805064985283845,videos/Factory/26865likes_5353cmt_7199805064985283845.mp4
7596468010899033357,Hair,viral hair dryer brush,"The @Revlon Hair Tools Revlon blowout brush had us in a chokehold 😭 But once I noticed breakage, dryness & heat damage, I knew it was time to switch.Let me know in the comments your recommendations.  #TikTokCreatorSearchInsightsIncentive #creatorsearchinsights #hair #revlonhairdryerbrush #naturalstraighthair ",Justine 🧡 | UGC,embracingrizos,26673,2431,365,2062329,3175,20,2026-01-17,True,https://www.tiktok.com/@embracingrizos/video/7596468010899033357,videos/Hair/26673likes_2431cmt_7596468010899033357.mp4
7628964208788393229,Beauty,tiktokmademebuyit makeup,No one deserves this more than YOU 🥹 thank you for giving me this platform 💕 #makeup #makeupgiveaway  #giveaway #beautygiveaway #makeupcommunity ,Lauren,lolo.lehnen,24027,4686,603,180460,2324,34,2026-04-15,False,https://www.tiktok.com/@lolo.lehnen/video/7628964208788393229,videos/Beauty/24027likes_4686cmt_7628964208788393229.mp4
7543425743569620254,Beauty,viral makeup must have,Brand New Viral Tiktok makeup lipstick application trend is going viral! The results from this technique is mind blowing 🤯 #makeup #lipstick #beautyhacks #beautytips ,Viral Makeup Results,viralmakeupresults,19799,3489,1522,2725072,2530,65,2025-08-28,False,https://www.tiktok.com/@viralmakeupresults/video/7543425743569620254,videos/Beauty/19799likes_3489cmt_7543425743569620254.mp4
7498749081460739350,Factory,china factory viral,Go China!#MAGA #madeinchina #tariffs #tradewar #US #Trump #trading #Chinabusiness #chinesefactory #chinasupplier #sourcing #chinamanufacturing #china #factory #cantonfair ,GabbyShow,sourcingwithgabby,16301,3424,1509,471392,1920,45,2025-04-29,False,https://www.tiktok.com/@sourcingwithgabby/video/7498749081460739350,videos/Factory/16301likes_3424cmt_7498749081460739350.mp4
7643502431212539166,Factory,factory machines viral,,Avoidingthegov2,nullandvoid777777,15188,2278,17886,413143,4069,68,2026-05-24,False,https://www.tiktok.com/@nullandvoid777777/video/7643502431212539166,videos/Factory/15188likes_2278cmt_7643502431212539166.mp4
7613927023689452814,Factory,toy factory viral,Thissss is prob on get hectic😭😪 #poppyplaytime #funny #toyfactory #commentrp #viral ,^~MJ~^,mj78644,13785,15928,656,289101,3264,9,2026-03-06,False,https://www.tiktok.com/@mj78644/video/7613927023689452814,videos/Factory/13785likes_15928cmt_7613927023689452814.mp4
7632903658841083166,Misc,tiktok shop must buy,if you want more in depth information on anything lmk!! 🫶🏼 #tiktokshopaffiliate #onlinemoney #ecom ,shopbymills,shopbymills,13704,2382,1543,137176,6361,182,2026-04-26,False,https://www.tiktok.com/@shopbymills/video/7632903658841083166,videos/Misc/13704likes_2382cmt_7632903658841083166.mp4
7632895498885532959,Electronics,cool gadgets viral,#tiktokshop #tiktokfinds #viralproducts #coolgadgets #fyp,findsbyk3,findsbyk3,11266,3659,2482,340362,2537,10,2026-04-26,False,https://www.tiktok.com/@findsbyk3/video/7632895498885532959,videos/Electronics/11266likes_3659cmt_7632895498885532959.mp4
7633602684926446861,Beauty,viral makeup must have,#makeup #foundation #matureskin #usa🇺🇸 ,Brush Talk,brush.talk,10663,4712,5189,407819,8494,134,2026-04-28,False,https://www.tiktok.com/@brush.talk/video/7633602684926446861,videos/Beauty/10663likes_4712cmt_7633602684926446861.mp4
